"player","position","team","Age","birth_year","touches","touches_def_pen_area","touches_def_3rd","touches_mid_3rd","touches_att_3rd","touches_att_pen_area","dribbles_completed","dribbles","miscontrols","dispossessed","passes_received","progressive_passes_received"
"Aaron Mooy","MF","Australia","32","1990","255","14","62","168","26","0","2","3","5","4","152","1"
"Aaron Ramsey","MF","Wales","31","1990","147","6","32","73","42","5","2","8","9","4","98","7"
"Abdelhamid Sabiri","MF","Morocco","26","1996","86","5","23","50","13","1","0","3","0","3","54","0"
"Abdelkarim Hassan","DF","Qatar","29","1993","193","15","83","95","17","2","1","5","2","0","138","1"
"Abderrazak Hamdallah","FW","Morocco","32","1990","28","2","2","15","12","5","2","3","4","3","18","3"
"Abdessamad Ezzalzouli","FW","Morocco","21","2001","40","2","17","9","16","5","1","2","9","1","16","3"
"Abdou Diallo","DF","Senegal","26","1996","210","19","98","98","15","1","0","0","2","2","138","0"
"Abdul Fatawu Issahaku","FW","Ghana","18","2004","2","0","0","2","0","0","0","1","0","0","1","0"
"Abdulaziz Hatem","MF","Qatar","32","1990","98","1","13","65","20","0","1","1","1","1","80","2"
"Abdulelah Al-Amri","DF","Saudi Arabia","25","1997","129","12","58","65","7","2","0","0","1","0","63","0"
"Abdulellah Al-Malki","MF","Saudi Arabia","28","1994","105","6","28","63","17","1","0","0","3","0","58","2"
"Abdullah Madu","DF","Saudi Arabia","29","1993","19","4","12","8","0","0","0","0","0","0","6","0"
"Abdulrahman Al-Aboud","MF","Saudi Arabia","27","1995","22","0","3","5","14","2","0","3","2","0","12","4"
"Abolfazl Jalali","DF","IR Iran","24","1998","34","1","5","18","12","0","1","5","0","1","18","1"
"Achraf Dari","DF","Morocco","23","1999","139","24","84","51","4","1","0","0","0","1","85","0"
"Achraf Hakimi","DF","Morocco","24","1998","478","25","185","190","111","14","2","15","17","8","280","18"
"Adrien Rabiot","MF","France","27","1995","350","16","62","203","88","19","2","5","5","7","243","17"
"Agust?n Canobbio","MF","Uruguay","24","1998","11","1","5","1","5","0","0","0","0","0","6","0"
"Ahmad Nourollahi","MF","IR Iran","29","1993","85","10","28","37","22","0","1","2","3","0","39","1"
"Ahmed Alaaeldin","FW","Qatar","29","1993","2","0","0","2","0","0","0","0","0","0","1","0"
"Aimen Dahmen","GK","Tunisia","25","1997","82","73","82","0","0","0","0","0","0","0","34","0"
"Ajdin Hrustic","MF","Australia","26","1996","32","3","6","15","12","1","1","4","2","1","21","4"
"Akram Afif","FW","Qatar","26","1996","181","1","11","122","50","2","3","7","5","5","141","10"
"Alan Franco","MF","Ecuador","24","1998","16","1","5","10","1","0","0","0","1","0","9","0"
"Alejandro Balde","DF","Spain","19","2003","135","0","17","86","33","3","0","2","2","3","109","4"
"Aleksandar Mitrovi?","FW","Serbia","28","1994","95","1","3","54","39","14","1","1","6","3","67","12"
"Alex Sandro","DF","Brazil","31","1991","193","7","45","111","38","0","1","2","1","0","121","4"
"Alex Telles","DF","Brazil","30","1992","46","0","12","21","14","1","0","0","1","0","32","0"
"Alexander Bah","DF","Denmark","25","1997","65","1","22","19","24","3","0","2","0","0","36","2"
"Alexander Djiku","DF","Ghana","28","1994","43","15","33","10","0","0","0","0","0","0","18","0"
"Alexis Mac Allister","MF","Argentina","23","1998","332","2","38","165","134","11","4","8","7","8","247","23"
"Alexis Vega","FW","Mexico","25","1997","85","1","8","42","35","8","1","4","6","8","50","9"
"Ali Abdi","DF","Tunisia","28","1993","152","16","66","61","26","3","1","2","5","4","67","11"
"Ali Al Hassan","MF","Saudi Arabia","25","1997","15","1","4","8","3","1","0","0","1","1","5","0"
"Ali Al-Bulaihi","DF","Saudi Arabia","33","1989","110","7","54","55","1","0","0","0","2","0","65","0"
"Ali Assadalla","MF","Qatar","29","1993","24","0","5","14","6","0","1","1","0","0","22","0"
"Ali Gholizadeh","MF","IR Iran","26","1996","86","5","22","35","33","3","4","8","2","2","51","7"
"Ali Karimi","MF","IR Iran","28","1994","55","2","10","33","12","1","0","0","1","0","36","3"
"Ali Ma?loul","DF","Tunisia","32","1990","70","3","12","28","30","0","0","0","0","1","34","3"
"Alidu Seidu","DF","Ghana","22","2000","98","3","37","42","22","1","4","6","4","0","49","0"
"Alireza Beiranvand","GK","IR Iran","30","1992","34","30","33","1","0","0","0","0","0","0","17","0"
"Alireza Jahanbakhsh","MF","IR Iran","29","1993","27","0","6","12","9","1","1","1","1","0","13","3"
"Alisson","GK","Brazil","30","1992","101","88","100","1","0","0","0","0","1","0","42","0"
"Alistair Johnston","DF","Canada","24","1998","209","8","61","106","44","5","1","1","4","1","121","4"
"Almoez Ali","FW","Qatar","26","1996","66","1","5","41","20","6","0","3","6","3","48","8"
"Alphonso Davies","MF","Canada","22","2000","156","3","13","62","87","7","11","24","11","7","94","15"
"Amadou Onana","MF","Belgium","21","2001","74","0","11","58","6","3","1","1","4","1","59","1"
"Anass Zaroury","FW","Morocco","22","2000","15","0","1","6","8","0","1","1","0","0","10","1"
"Andre-Frank Zambo Anguissa","MF","Cameroon","27","1995","159","3","46","82","33","3","4","5","5","5","117","3"
"Andreas Christensen","DF","Denmark","26","1996","280","25","106","173","4","2","0","0","2","1","217","1"
"Andreas Cornelius","FW","Denmark","29","1993","48","1","3","15","30","11","1","1","4","1","41","15"
"Andreas Skov Olsen","FW","Denmark","22","1999","76","2","7","24","45","13","0","2","4","4","59","19"
"Andrej Kramari?","FW","Croatia","31","1991","215","0","12","93","114","15","4","8","7","6","178","32"
"Andries Noppert","GK","Netherlands","28","1994","205","184","203","2","0","0","0","0","0","0","97","0"
"Andrija ?ivkovi?","DF","Serbia","26","1996","118","7","34","48","40","3","0","1","4","1","72","4"
"Andr? Ayew","MF","Ghana","33","1989","61","3","12","31","19","4","0","2","5","4","35","5"
"Andr? Onana","GK","Cameroon","26","1996","60","34","56","4","0","0","0","0","0","0","32","0"
"Andr? Silva","FW","Portugal","27","1995","14","0","0","7","7","1","0","0","1","1","12","4"
"Andr?s Guardado","MF","Mexico","36","1986","22","0","6","16","1","0","0","0","0","1","10","0"
"Anis Ben Slimane","MF","Tunisia","21","2001","72","1","11","22","40","5","0","1","8","11","47","8"
"Ansu Fati","FW","Spain","20","2002","33","0","2","8","23","4","0","2","1","0","28","5"
"Ante Budimir","FW","Croatia","31","1991","12","1","1","5","6","2","0","0","1","1","4","2"
"Anthony Contreras","FW","Costa Rica","22","2000","38","0","3","25","10","2","0","0","3","7","20","1"
"Antoine Griezmann","MF","France","31","1991","381","10","50","191","145","14","4","11","6","8","247","20"
"Antoine Semenyo","FW","Ghana","22","2000","6","0","0","2","4","2","0","0","1","1","2","2"
"Antonee Robinson","DF","United States","25","1997","288","15","70","130","92","3","4","5","13","3","165","13"
"Antonio R?diger","DF","Germany","29","1993","273","22","110","150","14","4","0","1","1","0","215","0"
"Antony","FW","Brazil","22","2000","145","0","14","53","81","7","4","16","6","6","113","10"
"Ant?nio Silva","DF","Portugal","19","2003","67","5","32","35","0","0","0","0","0","0","49","0"
"Ao Tanaka","MF","Japan","24","1998","84","3","32","39","14","3","0","1","1","1","55","7"
"Ardon Jasari","FW","Switzerland","20","2002","8","0","1","5","2","0","0","1","0","0","5","0"
"Arkadiusz Milik","FW","Poland","28","1994","39","1","2","24","13","3","1","1","3","1","31","4"
"Artur J?drzejczyk","DF","Poland","35","1987","5","0","2","3","0","0","0","0","0","0","3","0"
"Asiri Haitham","FW","Saudi Arabia","21","2001","5","1","2","2","1","0","0","0","0","0","1","0"
"Assim Madibo","MF","Qatar","26","1996","85","1","32","53","1","0","0","0","3","2","46","1"
"Atiba Hutchinson","MF","Canada","39","1983","131","5","38","72","21","2","1","1","1","2","90","0"
"Aur?lien Tchouam?ni","MF","France","22","2000","533","15","96","373","69","3","3","5","11","0","397","6"
"Awer Mabil","MF","Australia","27","1995","18","0","4","13","1","1","0","1","1","0","13","0"
"Axel Disasi","DF","France","24","1998","90","4","18","48","25","2","1","2","0","1","50","0"
"Axel Witsel","MF","Belgium","33","1989","200","11","56","131","17","1","0","0","2","3","140","2"
"Ayase Ueda","FW","Japan","24","1998","23","1","3","6","15","1","0","0","4","2","15","5"
"Aymeric Laporte","DF","Spain","28","1994","456","29","151","297","8","2","0","0","2","0","391","1"
"Aziz Behich","DF","Australia","32","1990","249","16","89","111","53","6","8","14","5","5","139","4"
"Azzedine Ounahi","MF","Morocco","22","2000","328","4","79","183","71","8","10","13","16","7","241","15"
"A?ssa La?douni","MF","Tunisia","26","1996","156","9","52","78","28","6","1","4","4","3","92","9"
"Baba Rahman","DF","Ghana","28","1994","121","4","24","60","37","2","1","5","6","0","68","3"
"Badr Banoun","DF","Morocco","29","1993","28","5","20","8","0","0","0","0","0","1","19","0"
"Bailey Wright","DF","Australia","30","1992","5","2","3","1","1","0","0","0","0","0","2","0"
"Bamba Dieng","FW","Senegal","22","2000","32","0","2","16","14","3","0","2","4","4","22","2"
"Bartosz Bereszy?ski","DF","Poland","30","1992","197","18","74","88","37","3","1","7","4","3","86","4"
"Bassam Al-Rawi","DF","Qatar","25","1997","68","7","34","34","0","0","1","1","0","1","47","0"
"Ben Davies","DF","Wales","29","1993","184","14","75","95","14","3","2","3","1","0","101","1"
"Benjamin Pavard","DF","France","26","1996","94","0","20","63","12","0","0","0","0","0","72","0"
"Bernardo Silva","MF","Portugal","28","1994","309","7","42","168","101","8","1","4","4","4","237","11"
"Bilal El Khannous","MF","Morocco","18","2004","29","2","8","13","8","0","0","1","1","0","23","1"
"Borna Bari?i?","DF","Croatia","30","1992","81","5","22","41","19","2","0","0","1","0","44","1"
"Borna Sosa","DF","Croatia","24","1998","333","18","106","138","90","3","2","4","6","3","216","8"
"Boualem Khoukhi","DF","Qatar","32","1990","232","52","151","77","5","4","0","3","2","1","155","0"
"Boulaye Dia","FW","Senegal","26","1996","81","3","5","27","51","11","1","4","9","8","56","21"
"Brandon Aguilera","MF","Costa Rica","19","2003","44","1","17","25","3","0","2","3","1","3","31","3"
"Breel Embolo","FW","Switzerland","25","1997","92","3","4","44","45","10","2","6","10","10","76","23"
"Brenden Aaronson","MF","United States","22","2000","78","1","9","39","30","7","2","11","8","4","53","4"
"Brennan Johnson","FW","Wales","21","2001","33","2","6","6","21","7","0","5","3","2","17","4"
"Bruno Fernandes","FW","Portugal","28","1994","266","6","34","121","114","8","3","6","7","4","192","18"
"Bruno Guimar?es","MF","Brazil","25","1997","67","2","6","28","33","7","2","2","3","2","53","2"
"Bruno Petkovi?","FW","Croatia","28","1994","101","3","7","55","41","13","2","4","7","10","90","10"
"Bryan Mbeumo","FW","Cameroon","23","1999","106","2","13","47","48","4","1","7","6","1","76","11"
"Bryan Oviedo","DF","Costa Rica","32","1990","112","12","49","42","24","1","0","2","1","0","60","4"
"Bryan Ruiz","MF","Costa Rica","37","1985","14","1","4","10","0","0","1","1","0","0","9","0"
"Bukayo Saka","FW","England","21","2001","147","2","17","48","83","15","2","11","3","3","111","23"
"Callum Wilson","FW","England","30","1992","16","0","2","8","7","2","0","1","4","2","13","6"
"Cameron Carter-Vickers","DF","United States","24","1997","64","9","33","30","1","0","0","0","0","0","42","0"
"Carlos Gruezo","MF","Ecuador","27","1995","19","0","6","12","2","0","0","0","3","0","15","0"
"Carlos Mart?nez","DF","Costa Rica","23","1999","20","2","9","9","2","0","0","0","1","1","8","0"
"Carlos Soler","MF","Spain","25","1997","88","0","4","56","29","3","1","2","0","1","74","3"
"Casemiro","MF","Brazil","30","1992","302","10","58","174","71","5","1","3","1","4","204","7"
"Celso Borges","MF","Costa Rica","34","1988","143","15","56","83","6","0","2","2","2","0","83","1"
"Charles De Ketelaere","FW","Belgium","21","2001","6","0","2","2","2","1","0","0","1","1","5","0"
"Charly Rodr?guez","MF","Mexico","25","1997","36","0","3","25","8","0","2","2","1","0","26","1"
"Cheikhou Kouyat?,MF","Senegal","32","1989","34","4","10","16","8","0","1","1","1","0","18","2",NULL
"Cho Guesung","FW","Korea Republic","24","1998","88","3","11","33","44","12","0","5","5","5","66","14"
"Cho Yumin","FW","Korea Republic","26","1996","0","0","0","0","0","0","0","0","0","0","0","0"
"Chris Mepham","DF","Wales","25","1997","199","22","91","99","9","2","0","0","0","0","130","0"
"Christian Bassogog","MF","Cameroon","27","1995","13","0","1","2","10","3","2","4","0","0","9","3"
"Christian Eriksen","MF","Denmark","30","1992","253","1","29","142","88","7","0","4","6","3","176","12"
"Christian Fassnacht","FW","Switzerland","29","1993","12","0","2","4","8","1","2","2","0","0","7","3"
"Christian N?rgaard","MF","Denmark","28","1994","15","1","3","10","2","0","0","0","0","0","12","1"
"Christian Pulisic","FW","United States","24","1998","187","1","18","58","116","23","4","15","12","10","137","19"
"Christopher Wooh","DF","Cameroon","21","2001","45","8","25","18","2","1","0","0","1","2","28","0"
"Cody Gakpo","FW","Netherlands","23","1999","205","5","21","70","120","6","5","13","16","9","130","17"
"Collins Fai","DF","Cameroon","30","1992","169","8","50","84","38","0","0","2","1","0","86","2"
"Connor Roberts","DF","Wales","27","1995","138","8","39","61","38","0","0","0","0","0","81","7"
"Craig Goodwin","MF","Australia","31","1991","118","4","22","48","48","4","0","0","2","3","74","8"
"Cristian Romero","DF","Argentina","24","1998","428","43","204","213","13","3","1","1","5","1","292","1"
"Cristiano Ronaldo","FW","Portugal","37","1985","116","2","5","58","53","18","0","5","9","5","95","27"
"Cyle Larin","FW","Canada","27","1995","44","2","4","19","22","7","1","4","5","2","33","7"
"C?sar Azpilicueta","DF","Spain","33","1989","185","1","25","136","27","0","0","0","1","1","149","0"
"C?sar Montes","DF","Mexico","25","1997","222","19","99","114","10","3","2","2","2","0","158","1"
"Daichi Kamada","FW","Japan","26","1996","139","4","20","75","45","4","3","4","4","7","93","14"
"Daizen Maeda","FW","Japan","25","1997","31","0","4","18","11","7","0","1","2","0","13","5"
"Daley Blind","DF","Netherlands","32","1990","339","6","65","190","85","9","1","2","2","1","230","8"
"Damian Szyma?ski","MF","Poland","27","1995","9","0","3","6","0","0","0","0","0","0","8","0"
"Dani Alves","DF","Brazil","39","1983","113","4","22","60","33","1","1","2","1","2","71","4"
"Dani Carvajal","DF","Spain","30","1992","137","3","32","82","25","0","0","0","1","0","91","3"
"Dani Olmo","FW","Spain","24","1998","257","2","17","90","152","18","4","19","11","7","200","40"
"Daniel Amartey","DF","Ghana","27","1994","172","25","102","67","5","1","1","1","0","1","118","1"
"Daniel Chac?n,MF","Costa Rica","21","2001","2","1","2","0","0","0","0","0","0","0","1","0",NULL
"Daniel James","FW","Wales","25","1997","49","1","4","23","22","2","1","4","4","1","35","7"
"Daniel Kyereh","MF","Ghana","26","1996","31","3","9","10","12","0","2","2","1","2","18","2"
"Danilo","DF","Brazil","31","1991","289","10","69","177","43","1","1","1","2","1","214","8"
"Danilo Pereira","DF","Portugal","31","1991","87","8","43","44","1","0","1","1","1","1","65","0"
"Danny Ward","GK","Wales","29","1993","42","32","40","2","0","0","0","0","0","0","20","0"
"Darko Lazovi?","DF","Serbia","32","1990","14","0","4","7","3","0","0","0","1","0","8","0"
"Darwin N??ez,FW","Uruguay","23","1999","85","1","10","30","46","5","0","4","11","6","61","24",NULL
"David Raum","DF","Germany","24","1998","229","4","49","85","99","6","2","4","5","3","138","13"
"David Wotherspoon","MF","Canada","32","1990","9","0","1","3","5","0","1","1","0","0","7","0"
"Davy Klaassen","MF","Netherlands","29","1993","96","2","17","45","34","6","0","1","4","3","65","9"
"Dayot Upamecano","DF","France","24","1998","393","26","158","234","5","2","0","0","1","1","291","1"
"DeAndre Yedlin","DF","United States","29","1993","32","2","8","10","14","2","0","0","1","0","15","1"
"Declan Rice","MF","England","23","1999","362","13","84","247","34","4","0","3","1","2","271","2"
"Dejan Lovren","DF","Croatia","33","1989","515","55","243","264","11","4","0","0","1","0","381","1"
"Denis Odoi","DF","Ghana","34","1988","7","5","5","2","0","0","0","0","0","0","1","0"
"Denis Zakaria","MF","Switzerland","26","1996","32","1","6","21","7","0","0","2","1","1","20","2"
"Denzel Dumfries","DF","Netherlands","26","1996","274","7","54","132","90","12","0","8","13","7","169","14"
"Devis Epassy","GK","Cameroon","29","1993","93","78","92","1","0","0","0","0","0","0","32","0"
"Diego God?n,DF","Uruguay","36","1986","116","5","43","72","1","1","0","0","0","0","78","1",NULL
"Diogo Costa","GK","Portugal","23","1999","170","156","170","0","0","0","0","0","0","1","87","0"
"Diogo Dalot","DF","Portugal","23","1999","172","7","45","80","47","5","1","3","2","1","104","6"
"Djibril Sow","MF","Switzerland","25","1997","115","1","11","72","33","3","0","2","4","2","88","11"
"Djorkaeff Reasco","FW","Ecuador","23","1999","3","0","1","2","0","0","0","0","1","1","4","2"
"Dominik Livakovi?","GK","Croatia","27","1995","245","224","245","0","0","0","0","0","0","0","112","0"
"Dries Mertens","MF","Belgium","35","1987","39","0","3","16","20","5","1","1","1","0","28","7"
"Du?an Tadi?","MF","Serbia","34","1988","150","1","8","59","85","8","3","6","8","3","114","14"
"Du?an Vlahovi?","FW","Serbia","22","2000","19","0","3","8","8","3","0","1","3","1","13","3"
"Dylan Bronn","DF","Tunisia","27","1995","104","2","40","53","12","1","0","0","0","2","70","1"
"Eden Hazard","MF","Belgium","31","1991","70","0","9","39","24","2","5","10","5","5","56","4"
"Ederson","GK","Brazil","29","1993","32","30","32","0","0","0","0","0","0","0","14","0"
"Edimilson Fernandes","FW","Switzerland","26","1996","95","5","27","37","32","1","0","1","2","3","57","5"
"Edinson Cavani","FW","Uruguay","35","1987","44","0","3","23","18","5","1","1","3","0","34","5"
"Edouard Mendy","GK","Senegal","30","1992","128","110","128","0","0","0","0","0","0","0","55","0"
"Edson ?lvarez","MF","Mexico","25","1997","131","1","33","87","12","0","1","1","1","2","72","0"
"Eduardo Camavinga","DF","France","20","2002","138","10","41","62","36","1","1","4","3","3","75","3"
"Ehsan Hajsafi","MF","IR Iran","32","1990","118","3","34","57","27","2","0","2","2","1","68","2"
"Ellyes Skhiri","MF","Tunisia","27","1995","161","8","44","108","10","1","1","3","4","1","94","4"
"Emiliano Mart?nez","GK","Argentina","30","1992","196","172","196","0","0","0","0","0","0","0","83","0"
"Enner Valencia","FW","Ecuador","33","1989","98","2","3","41","55","13","2","7","15","6","71","13"
"Enzo Ebosse","DF","Cameroon","23","1999","49","9","28","21","1","0","0","0","0","0","29","0"
"Enzo Fern?ndez","MF","Argentina","21","2001","533","16","104","352","80","5","3","6","9","7","417","4"
"Eray C?mert","DF","Switzerland","24","1998","50","5","32","19","1","0","0","1","1","0","37","1"
"Eric Dier","DF","England","28","1994","44","2","22","23","0","0","0","0","0","0","35","0"
"Eric Maxim Choupo-Moting","FW","Cameroon","33","1989","87","2","9","48","32","9","3","8","7","2","62","7"
"Erick Guti?rrez","MF","Mexico","27","1995","34","1","5","27","3","0","0","1","0","0","26","1"
"Ethan Ampadu","MF","Wales","22","2000","178","12","48","108","23","0","2","3","0","3","104","4"
"Everton Ribeiro","MF","Brazil","33","1989","21","0","2","7","12","3","0","1","0","1","17","5"
"Exequiel Palacios","MF","Argentina","24","1998","34","1","5","19","10","1","0","1","0","2","22","1"
"Fabian Frei","MF","Switzerland","33","1989","16","1","7","9","0","0","0","0","0","2","13","1"
"Fabian Rieder","FW","Switzerland","20","2002","32","1","8","16","10","1","1","1","2","2","19","2"
"Fabian Sch?r,DF","Switzerland","30","1991","100","14","50","48","2","1","0","0","1","1","56","0",NULL
"Fabinho","MF","Brazil","29","1993","63","4","12","45","7","0","0","0","1","0","40","0"
"Facundo Pellistri","MF","Uruguay","20","2001","66","1","8","16","43","7","0","6","2","3","48","9"
"Famara Diedhiou","FW","Senegal","30","1992","24","3","4","9","11","5","0","1","2","2","20","0"
"Federico Valverde","MF","Uruguay","24","1998","225","2","40","144","47","4","1","4","6","2","152","4"
"Ferjani Sassi","MF","Tunisia","30","1992","39","1","9","26","4","0","2","3","0","0","27","2"
"Ferr?n Torres","FW","Spain","22","2000","115","0","5","38","72","12","1","11","9","7","98","14"
"Filip Kosti?","DF","Serbia","30","1992","130","2","18","57","56","10","0","1","3","1","72","12"
"Filip Mladenovi?","DF","Serbia","31","1991","29","1","8","14","7","1","0","2","1","0","14","2"
"Filip ?uri?i?","MF","Serbia","30","1992","9","0","0","4","5","1","0","0","1","0","6","2"
"Firas Al-Buraikan","MF","Saudi Arabia","22","2000","94","7","17","29","49","9","1","7","4","3","63","9"
"Fod? Ballo-Tour?,DF","Senegal","25","1997","10","0","1","7","2","1","0","1","0","0","6","0",NULL
"Fran Kara?i?","DF","Australia","26","1996","69","6","24","31","14","1","0","0","1","0","22","0"
"Francisco Calvo","DF","Costa Rica","30","1992","121","8","76","43","3","0","2","2","4","1","76","0"
"Fred","MF","Brazil","29","1993","98","4","22","43","33","2","0","0","3","1","67","6"
"Frenkie de Jong","MF","Netherlands","25","1997","408","13","82","255","75","3","3","6","5","4","303","7"
"F?lix Torres Caicedo","DF","Ecuador","25","1997","233","21","139","90","5","3","0","1","2","0","155","0"
"Gabriel Jesus","FW","Brazil","25","1997","39","0","0","12","27","6","1","2","2","0","25","4"
"Garang Kuol","FW","Australia","18","2004","10","0","1","4","5","2","0","2","1","0","7","3"
"Gareth Bale","FW","Wales","33","1989","68","2","13","30","26","2","1","3","4","4","51","10"
"Gavi","MF","Spain","18","2004","183","3","13","116","55","6","3","7","8","5","153","18"
"Ga?l Ondoua","MF","Cameroon","27","1995","25","2","3","15","7","1","0","0","0","1","9","0"
"Georges-K?vin N'Koudou","FW","Cameroon","27","1995","20","0","1","7","12","1","0","2","1","2","12","4"
"Germ?n Pezzella","DF","Argentina","31","1991","47","0","10","36","1","1","0","0","0","0","40","0"
"Gerson Torres","MF","Costa Rica","25","1997","25","0","7","12","6","0","0","2","3","4","22","1"
"Ghayl?ne Chaalali","MF","Tunisia","28","1994","11","2","7","4","0","0","0","0","1","1","1","0"
"Gideon Mensah","DF","Ghana","24","1998","59","6","23","25","11","0","0","0","2","1","29","2"
"Gio Reyna","FW","United States","20","2002","42","0","0","16","26","5","0","0","1","1","32","4"
"Giorgian De Arrascaeta","MF","Uruguay","28","1994","69","0","8","24","37","5","0","1","4","4","44","10"
"Gleison Bremer","DF","Brazil","25","1997","95","12","56","36","4","1","0","0","1","0","68","0"
"Gonzalo Montiel","DF","Argentina","25","1997","95","2","23","49","25","1","0","1","3","2","68","9"
"Gonzalo Plata","MF","Ecuador","22","2000","133","0","9","73","52","6","4","12","9","3","85","6"
"Gon?alo Ramos","FW","Portugal","21","2001","55","2","5","20","30","10","0","2","7","0","39","13"
"Granit Xhaka","MF","Switzerland","30","1992","273","11","66","171","40","3","1","2","2","3","202","5"
"Gregor Kobel","GK","Switzerland","25","1997","29","28","29","0","0","0","0","0","0","0","10","0"
"Grzegorz Krychowiak","MF","Poland","32","1990","165","9","36","107","23","4","1","3","7","0","91","1"
"Guido Rodr?guez","MF","Argentina","28","1994","69","1","23","45","1","0","0","0","0","0","54","0"
"Guillermo Ochoa","GK","Mexico","37","1985","112","77","112","0","0","0","0","0","0","0","51","0"
"Guillermo Varela","DF","Uruguay","29","1993","109","2","29","57","23","0","0","3","2","1","66","5"
"Haji Wright","FW","United States","24","1998","44","2","5","18","21","8","0","1","2","0","31","6"
"Hakim Ziyech","FW","Morocco","29","1993","386","3","70","185","134","8","12","29","15","11","263","17"
"Hannibal Mejbri","MF","Tunisia","19","2003","4","1","3","0","1","0","0","0","0","0","1","0"
"Haris Seferovi?","FW","Switzerland","30","1992","20","1","3","9","8","1","0","0","2","0","15","2"
"Harry Kane","FW","England","29","1993","138","7","8","61","71","13","4","8","10","5","110","22"
"Harry Maguire","DF","England","29","1993","445","28","204","224","20","13","2","2","0","0","344","2"
"Harry Souttar","DF","Australia","24","1998","213","37","143","68","4","2","0","0","1","0","128","0"
"Harry Wilson","MF","Wales","25","1997","81","5","21","35","25","1","0","1","3","0","48","5"
"Hassan Al Tambakti","DF","Saudi Arabia","23","1999","75","17","43","31","2","2","0","0","0","0","34","0"
"Hassan Al-Haydos","MF","Qatar","32","1990","101","1","25","52","27","0","2","6","6","3","72","7"
"Hattan Bahebri","MF","Saudi Arabia","30","1992","7","2","2","3","2","1","0","0","0","0","6","1"
"Henry Mart?n,FW","Mexico","30","1992","35","1","2","16","17","10","1","1","5","2","28","5",NULL
"Hern?n Gal?ndez","GK","Ecuador","35","1987","77","63","77","0","0","0","0","0","0","0","29","0"
"Hidemasa Morita","MF","Japan","27","1995","192","11","44","116","33","3","0","3","4","5","128","2"
"Hiroki Ito","DF","Japan","23","1999","64","0","9","48","7","0","0","0","0","0","51","1"
"Hiroki Sakai","MF","Japan","32","1990","70","8","33","22","15","2","0","2","1","1","26","1"
"Hirving Lozano","FW","Mexico","27","1995","109","0","8","35","69","7","5","10","10","4","76","20"
"Homam Ahmed","DF","Qatar","23","1999","115","3","27","56","33","1","3","5","4","2","67","6"
"Hong Chul","DF","Korea Republic","32","1990","24","2","6","9","9","0","0","1","0","0","15","2"
"Hossein Hosseini","GK","IR Iran","30","1992","49","44","49","0","0","0","0","0","0","0","16","0"
"Hossein Kanaanizadegan","DF","IR Iran","28","1994","15","2","10","5","0","0","0","0","0","0","7","0"
"Hugo Lloris","GK","France","35","1986","203","175","202","1","0","0","0","0","0","0","73","0"
"Hwang Hee-chan","MF","Korea Republic","26","1996","84","0","12","22","51","6","3","10","5","3","66","6"
"Hwang In-beom","MF","Korea Republic","26","1996","276","1","44","157","76","0","0","5","4","0","201","5"
"Hwang Ui-jo","FW","Korea Republic","30","1992","18","1","2","6","11","2","1","1","2","0","11","2"
"H?ctor Herrera","MF","Mexico","32","1990","91","2","11","62","19","1","0","1","2","1","54","4"
"H?ctor Moreno","DF","Mexico","34","1988","210","12","73","133","6","4","0","0","2","1","150","0"
"Ibrahima Konat?,DF","France","23","1999","283","26","111","171","5","2","0","0","3","2","205","1",NULL
"Idrissa Gana Gueye","MF","Senegal","33","1989","155","7","25","71","60","4","1","2","2","5","97","9"
"Ilias Chair","MF","Morocco","25","1997","18","0","1","12","5","1","0","1","0","1","15","2"
"Iliman Ndiaye","FW","Senegal","22","2000","44","0","1","20","25","4","6","8","1","3","29","9"
"Ismail Jakobs","DF","Senegal","23","1999","184","7","61","78","45","0","0","1","2","1","85","2"
"Ismail Mohamad","FW","Qatar","32","1990",,,,,,,,,,,,
"Ismaila Sarr","FW","Senegal","24","1998","133","3","14","43","78","20","9","19","12","5","97","14"
"Isma?l Kon?,MF","Canada","20","2002","103","1","15","77","11","0","1","2","0","0","92","2",NULL
"Issam Jebali","FW","Tunisia","30","1991","60","3","9","27","27","10","1","2","8","7","40","10"
"Ivan Ili?","MF","Serbia","21","2001","23","0","6","13","4","0","0","0","1","1","16","1"
"Ivan Peri?i?","FW","Croatia","33","1989","378","13","69","140","175","34","6","13","18","5","242","33"
"I?aki Williams","FW","Ghana","28","1994","63","3","10","24","30","6","1","1","5","5","42","6"
"Jack Grealish","FW","England","27","1995","71","2","12","34","26","5","3","9","1","0","61","4"
"Jackson Irvine","MF","Australia","29","1993","170","9","39","98","33","3","0","2","5","6","97","4"
"Jackson Porozo","DF","Ecuador","22","2000","58","2","26","30","2","1","0","0","0","2","32","0"
"Jakub Kami?ski","MF","Poland","20","2002","88","5","15","36","41","7","2","5","4","6","48","4"
"Jakub Kiwior","DF","Poland","22","2000","236","31","140","93","3","2","0","0","2","1","165","0"
"Jamal Musiala","MF","Germany","19","2003","163","1","13","53","101","28","19","36","11","16","126","29"
"Jamie Maclaren","FW","Australia","29","1993","15","0","0","5","10","3","0","0","0","1","13","4"
"Jan Bednarek","DF","Poland","26","1996","6","0","1","5","0","0","0","0","0","0","3","0"
"Jan Vertonghen","DF","Belgium","35","1987","290","36","169","116","5","4","0","0","0","0","234","0"
"Jason Cummings","FW","Australia","27","1995","9","0","0","8","1","0","0","1","0","0","4","1"
"Jawad El Yamiq","DF","Morocco","30","1992","202","29","119","80","3","3","0","0","2","0","121","0"
"Jean-Charles Castelletto","DF","Cameroon","27","1995","109","21","59","44","6","2","1","1","1","0","61","0"
"Jeong Woo-yeong","MF","Korea Republic","23","1999","20","1","1","5","14","2","0","1","1","0","14","4"
"Jeremy Doku","MF","Belgium","20","2002","16","0","1","7","9","2","2","4","1","0","14","0"
"Jeremy Sarmiento","MF","Ecuador","20","2002","44","0","2","20","25","2","2","6","2","1","27","3"
"Jerome Ngom Mbekeli","MF","Cameroon","24","1998","4","1","1","0","3","0","0","0","1","1","4","1"
"Jesper Lindstr?m","MF","Denmark","22","2000","81","2","8","25","50","7","4","12","8","1","57","11"
"Jes?s Ferreira","FW","United States","21","2000","24","0","2","9","13","1","0","1","0","1","19","2"
"Jes?s Gallardo","DF","Mexico","28","1994","167","7","55","76","37","3","3","4","5","0","76","8"
"Jewison Bennette","MF","Costa Rica","18","2004","29","1","7","9","13","2","1","4","5","1","22","7"
"Jhegson M?ndez","MF","Ecuador","25","1997","150","2","63","83","5","1","0","1","2","1","114","1"
"Joachim Andersen","DF","Denmark","26","1996","281","20","99","165","17","4","0","1","1","1","197","0"
"Joakim M?hle","DF","Denmark","25","1997","185","6","49","69","68","3","0","9","3","2","111","16"
"Joe Allen","MF","Wales","32","1990","51","4","17","28","7","0","0","0","5","0","27","1"
"Joe Morrell","MF","Wales","25","1997","24","2","6","16","2","0","0","0","0","1","10","0"
"Joe Rodon","DF","Wales","25","1997","192","27","122","68","2","1","0","0","0","0","134","0"
"Joel Campbell","FW","Costa Rica","30","1992","179","1","20","118","45","1","6","13","10","8","129","9"
"Johan Venegas","FW","Costa Rica","34","1988","21","1","4","9","8","1","0","1","2","0","14","3"
"John Stones","DF","England","28","1994","475","27","209","257","12","5","2","2","1","0","403","0"
"Jonas Hofmann","FW","Germany","30","1992","24","0","1","11","12","2","0","1","0","2","18","1"
"Jonathan David","FW","Canada","22","2000","84","1","7","46","31","11","0","4","8","2","58","16"
"Jonathan Osorio","MF","Canada","30","1992","68","0","10","44","14","2","1","2","2","2","53","2"
"Jordan Ayew","FW","Ghana","31","1991","68","1","10","34","26","0","1","7","5","4","42","6"
"Jordan Henderson","MF","England","32","1990","179","1","19","100","61","5","0","2","1","1","144","8"
"Jordan Morris","FW","United States","28","1994","5","0","0","1","4","2","0","0","0","0","3","1"
"Jordan Pickford","GK","England","28","1994","169","128","169","0","0","0","0","0","0","0","100","0"
"Jordan Veretout","MF","France","29","1993","43","2","11","25","7","1","0","0","2","1","32","1"
"Jordi Alba","DF","Spain","33","1989","392","4","62","223","109","1","2","3","4","0","305","11"
"Jorge Eduardo S?nchez","DF","Mexico","25","1997","113","6","32","48","34","4","1","4","4","4","54","9"
"Josh Sargent","FW","United States","22","2000","48","0","4","18","26","5","2","2","5","4","35","14"
"Joshua Kimmich","MF","Germany","27","1995","301","9","53","165","83","4","1","4","3","3","207","11"
"Josip Juranovi?","DF","Croatia","27","1995","450","33","121","228","108","3","1","4","7","4","287","20"
"Josip Stani?i?","DF","Croatia","22","2000","56","1","16","29","11","1","0","0","0","0","29","5"
"Josip ?utalo","DF","Croatia","22","2000","73","14","42","31","0","0","0","0","0","0","61","0"
"Jos? Cifuentes","MF","Ecuador","23","1999","52","1","7","37","8","0","0","0","4","1","40","2"
"Jos? Mar?a Gim?nez","DF","Uruguay","27","1995","213","26","96","108","9","4","0","0","2","1","134","2"
"Jo?o Cancelo","DF","Portugal","28","1994","311","8","74","144","95","7","4","11","6","1","207","8"
"Jo?o F?lix","FW","Portugal","23","1999","153","1","12","66","78","13","2","8","5","0","130","21"
"Jo?o M?rio","FW","Portugal","29","1993","52","0","0","24","29","2","0","1","2","0","34","3"
"Jo?o Palhinha","MF","Portugal","27","1995","41","1","9","22","10","1","1","2","2","1","25","1"
"Jo?ko Gvardiol","DF","Croatia","20","2002","601","84","273","312","21","4","1","2","1","2","420","3"
"Juan Foyth","DF","Argentina","24","1998","5","0","1","3","1","0","1","1","1","0","2","1"
"Juan Pablo Vargas","DF","Costa Rica","27","1995","41","13","32","8","1","1","0","0","1","0","14","0"
"Jude Bellingham","MF","England","19","2003","324","2","44","203","83","14","6","13","8","6","234","30"
"Jules Kound?,DF","France","24","1998","352","17","125","175","54","2","3","4","3","2","215","1",NULL
"Juli?n ?lvarez","FW","Argentina","22","2000","174","1","20","63","94","20","0","3","11","7","118","21"
"Jung Woo-young","MF","Korea Republic","33","1989","239","13","61","150","29","1","0","0","2","2","168","1"
"Junior Hoilett","FW","Canada","32","1990","78","0","5","35","39","2","2","7","5","2","47","6"
"Junya Ito","MF","Japan","29","1993","134","6","42","49","46","4","2","8","6","3","68","8"
"Jurri?n Timber","DF","Netherlands","21","2001","361","16","130","226","9","0","4","6","7","2","261","2"
"Kai Havertz","FW","Germany","23","1999","46","0","1","18","27","11","0","0","4","0","36","7"
"Kalidou Koulibaly","DF","Senegal","31","1991","260","48","151","108","6","3","0","0","1","1","140","0"
"Kalvin Phillips","MF","England","27","1995","20","1","8","12","0","0","0","0","0","0","18","1"
"Kamal Miller","DF","Canada","25","1997","229","18","97","126","6","0","1","2","1","1","173","1"
"Kamaldeen Sulemana","FW","Ghana","20","2002","28","2","3","5","22","4","1","5","1","1","24","4"
"Kamil Glik","DF","Poland","34","1988","167","29","92","70","5","4","0","0","0","0","105","0"
"Kamil Grosicki","MF","Poland","34","1988","6","0","0","2","4","1","1","1","0","0","6","0"
"Kaoru Mitoma","MF","Japan","25","1997","100","9","42","30","32","4","2","5","5","2","47","3"
"Karim Ansarifard","FW","IR Iran","32","1990","11","0","1","5","5","2","0","0","2","1","6","1"
"Karim Boudiaf","MF","Qatar","32","1990","122","4","27","90","7","2","1","3","4","2","83","4"
"Karl Toko Ekambi","FW","Cameroon","30","1992","66","1","7","38","24","5","1","4","3","4","47","5"
"Karol ?widerski","FW","Poland","25","1997","14","0","3","7","5","0","0","0","3","0","6","0"
"Kasper Dolberg","FW","Denmark","25","1997","34","1","4","12","19","4","1","3","9","4","27","12"
"Kasper Schmeichel","GK","Denmark","36","1986","91","73","89","2","0","0","0","0","0","0","42","0"
"Keanu Baccus","MF","Australia","24","1998","59","0","19","30","10","0","0","1","2","2","31","5"
"Kellyn Acosta","MF","United States","27","1995","16","0","3","8","5","0","0","0","0","0","10","2"
"Kendall Waston","DF","Costa Rica","34","1988","107","30","75","28","4","3","0","0","1","1","59","0"
"Kenneth Taylor","MF","Netherlands","20","2002","9","0","1","6","2","0","0","0","0","0","8","1"
"Kevin De Bruyne","FW","Belgium","31","1991","163","0","17","74","76","3","4","8","7","4","112","19"
"Kevin Rodr?guez","FW","Ecuador","22","2000",,,,,,,,,,,,
"Kevin ?lvarez","DF","Mexico","23","1999","38","1","10","12","16","2","1","3","0","1","16","2"
"Keylor Navas","GK","Costa Rica","36","1986","114","108","114","0","0","0","0","0","0","0","33","0"
"Keysher Fuller","DF","Costa Rica","28","1994","92","11","38","36","19","4","1","2","4","1","47","5"
"Kieffer Moore","FW","Wales","30","1992","95","8","11","38","46","12","0","1","10","3","71","15"
"Kieran Trippier","DF","England","32","1990","205","5","53","111","45","1","1","1","1","1","133","4"
"Kim Jin-su","DF","Korea Republic","30","1992","175","9","50","60","68","10","0","2","4","0","97","8"
"Kim Min-jae","DF","Korea Republic","26","1996","213","29","91","102","21","3","1","1","1","0","153","1"
"Kim Moonhwan","DF","Korea Republic","27","1995","289","17","76","118","96","5","2","4","6","2","157","13"
"Kim Seung-gyu","GK","Korea Republic","32","1990","139","109","139","0","0","0","0","0","0","0","60","0"
"Kim Young-gwon","DF","Korea Republic","32","1990","232","27","119","107","6","3","0","0","0","0","172","0"
"Kingsley Coman","FW","France","26","1996","102","3","15","39","53","2","6","10","6","7","69","10"
"Ko Itakura","DF","Japan","25","1997","150","20","63","80","9","5","0","2","4","1","91","1"
"Koke","MF","Spain","30","1992","68","0","5","54","9","0","0","0","1","0","60","1"
"Kristijan Jaki?","FW","Croatia","25","1997","0","0","0","0","0","0","0","0","0","0","0","0"
"Krystian Bielik","MF","Poland","24","1998","129","13","45","75","10","2","1","3","1","3","77","0"
"Krzysztof Pi?tek","FW","Poland","27","1995","9","0","1","6","2","1","0","0","1","1","7","0"
"Kr?pin Diatta","FW","Senegal","23","1999","88","0","5","34","51","2","1","3","7","7","76","4"
"Kudus Mohammed","FW","Ghana","22","2000","118","0","19","45","59","6","10","15","4","6","76","13"
"Kwon Chang-hoon","FW","Korea Republic","28","1994","28","0","1","14","13","3","0","0","1","1","22","3"
"Kwon Kyung-won","DF","Korea Republic","30","1992","53","11","30","21","2","0","0","0","0","0","36","0"
"Kye Rowles","DF","Australia","24","1998","231","43","170","59","2","0","0","0","1","0","147","0"
"Kyle Walker","DF","England","32","1990","198","3","54","120","27","0","2","3","1","0","129","1"
"Kylian Mbapp?,FW","France","23","1998","325","0","8","98","225","61","25","52","21","10","262","58",NULL
"Lautaro Mart?nez","FW","Argentina","25","1997","96","1","7","43","46","17","2","5","9","6","74","21"
"Lawrence Ati-Zigi","GK","Ghana","26","1996","87","79","87","0","0","0","0","0","0","0","23","0"
"Leander Dendoncker","DF","Belgium","27","1995","142","17","69","66","8","3","0","1","1","1","111","1"
"Leandro Paredes","MF","Argentina","28","1994","269","6","48","199","23","0","0","1","1","0","204","1"
"Leandro Trossard","FW","Belgium","28","1994","66","1","6","34","27","3","0","4","2","1","51","8"
"Lee Jae-sung","MF","Korea Republic","30","1992","116","3","18","59","40","1","2","3","2","0","83","9"
"Lee Kangin","MF","Korea Republic","21","2001","91","0","7","43","42","2","1","2","2","3","60","4"
"Leon Goretzka","MF","Germany","27","1995","72","4","14","33","25","4","0","0","2","2","43","2"
"Leroy San?,FW","Germany","26","1996","68","1","3","23","43","7","3","6","0","3","61","9",NULL
"Liam Millar","DF","Canada","23","1999","9","0","0","3","6","1","0","0","0","0","5","0"
"Lionel Messi","FW","Argentina","35","1987","460","1","21","208","239","38","15","34","13","24","378","33"
"Lisandro Mart?nez","DF","Argentina","24","1998","188","17","83","94","12","1","0","1","1","0","123","0"
"Lovro Majer","MF","Croatia","24","1998","122","4","20","58","45","4","0","2","5","6","96","11"
"Lo?s Openda","FW","Belgium","22","2000","9","0","0","6","3","0","1","1","2","0","4","1"
"Lucas Cavallini","FW","Canada","29","1992","3","0","0","2","1","0","0","0","0","0","3","0"
"Lucas Hern?ndez","DF","France","26","1996","10","0","1","8","1","0","0","0","0","0","6","1"
"Lucas Paquet?,MF","Brazil","25","1997","229","3","31","131","68","6","0","2","5","4","175","17",NULL
"Luis Ch?vez","MF","Mexico","26","1996","171","3","21","97","54","1","2","6","1","2","105","2"
"Luis Su?rez","FW","Uruguay","35","1987","52","2","5","21","26","7","2","3","2","0","40","5"
"Luka Jovi?","FW","Serbia","24","1997","14","0","1","2","12","4","0","0","0","1","12","4"
"Luka Modri?","MF","Croatia","37","1985","615","8","90","395","141","11","6","16","12","7","447","16"
"Lukas Klostermann","DF","Germany","26","1996","56","1","17","28","12","0","0","0","0","0","35","1"
"Luke Shaw","DF","England","27","1995","419","6","67","248","107","8","2","2","5","2","306","13"
"Luuk de Jong","FW","Netherlands","32","1990","19","1","1","10","8","2","0","1","0","2","14","4"
"Majid Hosseini","DF","IR Iran","26","1996","137","25","91","47","0","0","0","0","1","1","61","0"
"Manuel Akanji","DF","Switzerland","27","1995","287","41","143","135","10","5","0","0","0","1","214","1"
"Manuel Neuer","GK","Germany","36","1986","133","103","132","1","0","0","0","0","0","0","88","0"
"Marcelo Brozovi?","MF","Croatia","30","1992","594","24","138","384","77","3","3","8","5","8","449","17"
"Marco Asensio","FW","Spain","26","1996","150","1","4","56","90","13","0","3","12","3","128","19"
"Marcos Acu?a,DF","Argentina","31","1991","269","5","70","102","100","10","2","8","7","4","164","15",NULL
"Marcos Llorente","DF","Spain","27","1995","107","0","11","70","29","1","0","0","1","0","76","3"
"Marcus Rashford","FW","England","25","1997","92","1","6","43","44","13","5","9","4","1","71","16"
"Marcus Thuram","FW","France","25","1997","74","3","11","35","29","4","6","12","5","4","48","5"
"Mario G?tze","MF","Germany","30","1992","31","0","4","7","20","6","0","2","2","0","18","5"
"Mario Pa?ali?","FW","Croatia","27","1995","132","8","30","79","26","6","0","4","6","3","80","12"
"Mark-Anthony Kaye","MF","Canada","28","1994","68","0","10","49","9","0","0","0","0","0","57","2"
"Marko Gruji?","MF","Serbia","26","1996","20","2","4","11","5","0","0","1","0","0","14","1"
"Marko Livaja","FW","Croatia","29","1993","83","1","5","38","42","18","0","2","7","2","64","21"
"Marquinhos","DF","Brazil","28","1994","392","30","137","238","18","6","1","1","2","0","310","2"
"Marten de Roon","MF","Netherlands","31","1991","142","6","32","98","12","0","0","0","1","0","97","0"
"Martin Braithwaite","FW","Denmark","31","1991","24","0","1","10","13","3","1","2","2","1","19","4"
"Martin Hongla","MF","Cameroon","24","1998","73","4","17","45","12","1","2","3","0","0","53","3"
"Martinelli","FW","Brazil","21","2001","70","0","9","20","42","14","3","10","4","2","52","14"
"Mart?n C?ceres","DF","Uruguay","35","1987","83","3","21","49","13","0","1","1","1","0","60","1"
"Mason Mount","MF","England","23","1999","91","0","5","48","39","2","2","3","6","2","71","12"
"Mateo Kova?i?","MF","Croatia","28","1994","521","5","81","345","105","13","11","20","10","7","402","16"
"Matheus Nunes","MF","Portugal","24","1998","39","0","6","13","21","3","1","2","4","1","34","2"
"Mathew Leckie","MF","Australia","31","1991","157","8","16","85","57","8","1","11","15","7","110","14"
"Mathew Ryan","GK","Australia","30","1992","176","143","175","1","0","0","0","0","0","0","78","0"
"Mathias Jensen","MF","Denmark","26","1996","76","0","9","47","20","3","1","1","2","0","60","6"
"Math?as Olivera","DF","Uruguay","25","1997","178","12","64","62","52","3","0","3","7","2","74","7"
"Matt Turner","GK","United States","28","1994","137","112","137","0","0","0","0","0","0","0","69","0"
"Matthias Ginter","DF","Germany","28","1994","3","0","2","1","0","0","0","0","0","0","3","0"
"Matthijs de Ligt","DF","Netherlands","23","1999","49","2","20","27","2","1","0","0","0","1","35","1"
"Matty Cash","DF","Poland","25","1997","197","20","58","95","45","1","1","4","3","2","111","3"
"Matt?o Guendouzi","FW","France","23","1999","36","1","5","22","10","1","0","0","0","1","24","2"
"Mat?as Vecino","MF","Uruguay","31","1991","130","5","41","73","17","2","0","0","3","1","81","2"
"Mat?as Vi?a,DF","Uruguay","25","1997","26","0","8","12","6","0","1","1","0","1","13","5",NULL
"Maxi G?mez","FW","Uruguay","26","1996","9","0","0","2","7","0","0","0","0","0","8","1"
"Maya Yoshida","DF","Japan","34","1988","277","46","129","147","2","1","1","2","1","1","184","0"
"Mehdi Taremi","FW","IR Iran","30","1992","123","4","19","63","47","15","1","9","7","5","79","16"
"Mehdi Torabi","MF","IR Iran","28","1994","48","4","8","29","12","2","1","2","2","0","30","1"
"Memphis","FW","Netherlands","28","1994","165","0","6","82","79","16","2","11","10","7","138","34"
"Meshaal Barsham","GK","Qatar","24","1998","69","61","69","0","0","0","0","0","0","0","29","0"
"Michael Estrada","FW","Ecuador","26","1996","71","1","2","46","23","7","2","3","6","2","59","9"
"Micha? Sk?ra?","MF","Poland","22","2000","12","1","1","8","3","0","0","1","0","0","9","3"
"Michel Aebischer","MF","Switzerland","25","1997","4","0","0","2","2","0","0","0","0","0","4","1"
"Michy Batshuayi","FW","Belgium","29","1993","42","0","0","24","18","6","1","3","5","4","34","10"
"Miki Yamane","DF","Japan","28","1993","36","0","3","21","13","1","1","1","0","0","13","1"
"Mikkel Damsgaard","MF","Denmark","22","2000","91","1","11","54","26","2","0","2","2","2","62","9"
"Milad Mohammadi","DF","IR Iran","29","1993","90","8","41","36","15","0","0","1","1","2","33","0"
"Milan Borjan","GK","Canada","35","1987","105","82","103","1","1","0","0","0","1","0","42","0"
"Milo? Degenek","DF","Australia","28","1994","123","15","67","44","15","0","0","2","1","1","57","1"
"Milo? Veljkovi?","DF","Serbia","27","1995","127","22","78","50","1","0","0","0","0","0","91","0"
"Mislav Or?i?","FW","Croatia","29","1992","81","3","9","29","44","8","1","3","7","0","60","12"
"Mitchell Duke","FW","Australia","31","1991","96","0","11","47","40","11","1","2","11","1","61","5"
"Mohamed Ali Ben Romdhane","MF","Tunisia","23","1999","31","1","5","18","10","3","1","3","0","5","15","3"
"Mohamed Dr?ger","DF","Tunisia","26","1996","70","4","25","27","20","3","1","2","5","0","33","3"
"Mohamed Kanno","MF","Saudi Arabia","28","1994","184","10","31","109","48","6","5","10","6","1","117","7"
"Mohammed Al-Breik","DF","Saudi Arabia","30","1992","57","3","15","22","20","2","0","0","1","0","38","2"
"Mohammed Al-Owais","GK","Saudi Arabia","31","1991","113","87","111","3","0","0","0","0","0","0","25","0"
"Mohammed Muntari","FW","Qatar","28","1993","28","2","5","18","5","3","0","0","1","0","22","0"
"Mohammed Salisu","DF","Ghana","23","1999","184","27","102","72","11","6","0","0","1","1","114","1"
"Mohammed Waad","MF","Qatar","23","1999","16","0","5","8","3","0","1","1","1","0","12","0"
"Mois?s Caicedo","MF","Ecuador","21","2001","173","4","29","121","23","3","0","0","3","1","117","1"
"Montassar Talbi","DF","Tunisia","24","1998","177","24","97","77","3","1","0","1","1","1","96","0"
"Morteza Pouraliganji","DF","IR Iran","30","1992","156","19","86","60","10","4","0","0","1","0","84","3"
"Moumi Ngamaleu","FW","Cameroon","28","1994","34","0","6","12","18","5","2","4","2","3","26","9"
"Munir","GK","Morocco","33","1989","31","29","31","0","0","0","0","0","0","0","8","0"
"Musab Kheder","DF","Qatar","29","1993","5","0","2","2","1","0","0","0","1","0","3","1"
"Na Sang-ho","FW","Korea Republic","26","1996","60","1","4","15","41","4","0","4","4","4","40","8"
"Nader Ghandri","DF","Tunisia","27","1995","45","10","33","12","0","0","0","0","0","0","22","0"
"Nahuel Molina","DF","Argentina","24","1998","398","13","116","192","93","6","1","2","6","3","251","18"
"Nampalys Mendy","MF","Senegal","30","1992","182","5","42","111","31","1","1","1","4","0","122","2"
"Nasser Al-Dawsari","FW","Saudi Arabia","23","1998","13","1","3","6","4","0","0","0","0","1","10","1"
"Nathan Ak?,DF","Netherlands","27","1995","393","29","166","211","16","1","0","2","1","0","289","2",NULL
"Nathaniel Atkinson","DF","Australia","23","1999","43","4","15","21","7","0","0","2","0","3","18","2"
"Nawaf Al Abed","MF","Saudi Arabia","32","1990","51","0","1","23","28","4","1","2","6","5","41","6"
"Nayef Aguerd","DF","Morocco","26","1996","185","41","132","53","1","1","0","0","1","0","118","0"
"Na?m Sliti","MF","Tunisia","30","1992","67","0","5","26","37","4","5","8","4","1","39","4"
"Neco Williams","DF","Wales","21","2001","138","4","35","66","40","5","1","7","6","2","60","3"
"Nemanja Gudelj","MF","Serbia","31","1991","59","2","22","32","5","0","0","0","2","2","42","1"
"Nemanja Maksimovi?","MF","Serbia","27","1995","75","3","17","46","12","1","0","0","2","1","41","2"
"Nemanja Radonji?","DF","Serbia","26","1996","36","1","9","8","19","1","0","5","2","1","21","1"
"Neymar","MF","Brazil","30","1992","203","0","11","101","94","15","6","23","8","12","167","21"
"Niclas F?llkrug","FW","Germany","29","1993","38","0","0","14","24","13","1","1","2","0","27","13"
"Nico Elvedi","DF","Switzerland","26","1996","165","26","93","69","3","1","0","0","1","0","114","0"
"Nico Schlotterbeck","DF","Germany","23","1999","135","8","46","80","10","0","0","2","1","1","101","2"
"Nico Williams","FW","Spain","20","2002","88","0","5","38","47","4","5","16","9","2","69","10"
"Nicola Zalewski","MF","Poland","20","2002","29","1","8","11","12","0","0","2","3","1","18","2"
"Nicolas Jackson","FW","Senegal","21","2001","11","0","5","2","4","1","0","0","1","0","9","2"
"Nicolas Nkoulou","DF","Cameroon","32","1990","115","19","79","33","5","3","0","0","1","0","79","1"
"Nicol?s De La Cruz","MF","Uruguay","25","1997","28","0","2","15","12","2","0","1","1","1","23","1"
"Nicol?s Otamendi","DF","Argentina","34","1988","639","52","297","334","9","3","0","0","2","1","474","2"
"Nicol?s Tagliafico","DF","Argentina","30","1992","220","12","53","109","62","9","0","2","1","1","124","12"
"Niklas S?le","DF","Germany","27","1995","268","15","89","157","24","2","0","0","0","1","204","1"
"Nikola Milenkovi?","DF","Serbia","25","1997","198","22","85","104","10","2","0","0","2","0","118","0"
"Nikola Vla?i?","FW","Croatia","25","1997","80","1","10","35","38","8","3","9","5","6","62","11"
"Noa Lang","MF","Netherlands","23","1999","5","1","3","1","1","0","0","0","0","0","1","0"
"Noah Okafor","FW","Switzerland","22","2000","29","0","1","17","11","1","0","3","2","1","23","6"
"Nouhou Tolo","DF","Cameroon","25","1997","145","17","58","58","31","2","1","5","4","0","66","1"
"Noussair Mazraoui","DF","Morocco","25","1997","175","15","79","69","29","1","1","5","6","1","79","5"
"Nuno Mendes","DF","Portugal","20","2002","36","0","6","18","13","0","1","2","1","0","27","0"
"N?stor Araujo","DF","Mexico","31","1991","62","1","16","40","6","0","0","0","0","1","37","0"
"Olivier Giroud","FW","France","36","1986","111","5","10","58","43","21","0","0","5","1","80","12"
"Olivier Ntcham","MF","Cameroon","26","1996","14","1","3","7","4","0","2","2","0","0","10","0"
"Orbel?n Pineda","MF","Mexico","26","1996","46","1","5","21","21","4","0","2","3","3","31","1"
"Osman Bukari","MF","Ghana","24","1998","29","0","1","10","18","4","0","2","1","1","17","6"
"Ot?vio","MF","Portugal","27","1995","145","0","16","88","41","1","0","0","4","3","110","9"
"Ousmane Demb?l?","FW","France","25","1997","241","2","24","81","142","16","9","23","8","6","179","17"
"Pablo Sarabia","FW","Spain","30","1992","6","0","0","0","6","1","0","0","0","0","3","0"
"Paik Seung-ho","MF","Korea Republic","25","1997","30","1","4","18","8","1","0","0","0","0","19","0"
"Pape Abou Ciss?,DF","Senegal","27","1995","49","10","35","12","2","2","1","1","0","0","32","0",NULL
"Pape Gueye","MF","Senegal","23","1999","81","2","17","46","19","3","0","1","3","3","42","3"
"Pape Matar Sarr","MF","Senegal","20","2002","54","3","11","28","15","0","0","2","0","2","36","1"
"Papu G?mez","MF","Argentina","34","1988","69","0","8","39","23","1","1","2","1","1","58","5"
"Path? Ciss","MF","Senegal","28","1994","74","6","20","49","9","1","1","3","4","1","40","0"
"Pau Torres","DF","Spain","25","1997","194","6","30","162","2","0","0","0","0","0","175","0"
"Paulo Dybala","FW","Argentina","29","1993","20","1","1","12","7","1","1","2","0","1","13","2"
"Pedri","MF","Spain","20","2002","462","3","35","324","107","2","6","11","4","5","395","9"
"Pedro","FW","Brazil","25","1997","25","0","3","10","12","5","0","0","3","1","19","5"
"Pepe","DF","Portugal","39","1983","330","23","145","177","10","4","1","1","1","1","240","0"
"Pervis Estupi??n,DF","Ecuador","24","1998","217","7","44","122","54","5","2","8","4","4","124","8",NULL
"Phil Foden","FW","England","22","2000","143","1","8","55","81","8","3","6","7","1","109","24"
"Piero Hincapi?,DF","Ecuador","20","2002","227","11","123","100","4","0","0","0","4","0","167","0",NULL
"Pierre H?jbjerg","MF","Denmark","27","1995","249","13","56","175","20","0","1","2","3","2","180","4"
"Pierre Kunde","MF","Cameroon","27","1995","70","6","19","43","10","2","0","1","2","3","33","1"
"Piotr Zieli?ski","MF","Poland","28","1994","178","7","23","115","43","3","1","4","2","1","113","4"
"Przemys?aw Frankowski","MF","Poland","27","1995","97","6","22","42","34","1","2","4","3","3","56","4"
"Rafael Le?o,FW","Portugal","23","1999","63","1","7","20","36","6","6","9","5","2","49","12",NULL
"Raheem Sterling","FW","England","28","1994","68","2","5","37","28","6","2","3","6","3","56","12"
"Ramin Rezaeian","DF","IR Iran","32","1990","130","8","49","47","36","3","1","1","7","3","67","5"
"Randal Kolo Muani","FW","France","24","1998","76","1","5","28","44","10","3","8","8","6","48","9"
"Rapha?l Guerreiro","DF","Portugal","28","1993","207","2","45","92","71","6","2","2","1","1","138","14"
"Rapha?l Varane","DF","France","29","1993","322","34","141","175","7","3","1","1","0","0","237","0"
"Raphinha","FW","Brazil","26","1996","189","2","18","68","104","20","4","15","6","4","136","18"
"Rasmus Nissen","DF","Denmark","25","1997","204","7","34","97","74","4","1","5","3","3","131","13"
"Ra?l Jim?nez","FW","Mexico","31","1991","37","1","3","16","18","3","0","0","2","0","24","4"
"Remo Freuler","MF","Switzerland","30","1992","197","6","48","109","41","4","0","4","12","0","124","5"
"Renato Steffen","FW","Switzerland","31","1991","19","2","8","7","4","0","0","0","1","2","8","0"
"Ricardo Horta","FW","Portugal","28","1994","55","1","8","17","30","6","0","0","2","0","37","7"
"Ricardo Rodr?guez","DF","Switzerland","30","1992","247","12","89","120","40","2","0","0","2","3","158","6"
"Richarlison","FW","Brazil","25","1997","97","4","12","29","58","19","0","5","12","3","59","18"
"Richie Laryea","DF","Canada","27","1995","73","8","22","25","28","10","2","6","4","1","42","7"
"Riley McGree","FW","Australia","24","1998","107","2","16","53","39","4","0","1","8","2","62","9"
"Ritsu Doan","FW","Japan","24","1998","95","3","15","37","43","6","4","8","7","3","50","4"
"Riyadh Sharahili","MF","Saudi Arabia","29","1993","28","6","11","16","2","0","1","2","1","1","10","0"
"Roan Wilson","MF","Costa Rica","20","2002","8","1","3","5","0","0","0","0","0","0","5","1"
"Robert Lewandowski","FW","Poland","34","1988","153","9","13","73","69","19","5","12","16","6","113","14"
"Robert Skov","DF","Denmark","26","1996","24","0","3","6","15","1","0","1","0","0","17","3"
"Roberto Alvarado","FW","Mexico","24","1998","12","0","0","5","7","0","0","1","0","0","10","1"
"Rodri","DF","Spain","26","1996","710","28","157","518","35","3","0","0","0","0","598","2"
"Rodrigo Bentancur","MF","Uruguay","25","1997","197","7","54","125","25","2","3","6","6","3","118","0"
"Rodrigo De Paul","MF","Argentina","28","1994","625","4","80","371","179","12","1","9","9","7","481","15"
"Rodrygo","MF","Brazil","21","2001","152","3","10","63","80","15","2","9","9","3","106","14"
"Rogelio Funes Mori","FW","Mexico","31","1991","2","0","0","1","1","0","0","0","0","0","3","0"
"Romain Sa?ss","DF","Morocco","32","1990","248","51","164","84","3","1","1","2","0","0","138","0"
"Romario Ibarra","MF","Ecuador","28","1994","23","1","4","13","7","2","1","1","3","1","14","4"
"Romelu Lukaku","FW","Belgium","29","1993","16","1","2","5","9","6","1","1","1","1","12","6"
"Roozbeh Cheshmi","DF","IR Iran","29","1993","19","4","13","5","1","0","0","0","1","0","4","0"
"Ruben Vargas","FW","Switzerland","24","1998","140","4","17","46","79","9","1","7","6","1","99","18"
"Rubin Colwill","MF","Wales","20","2002","6","1","1","3","2","0","0","0","0","0","3","0"
"R?-R?","DF","Qatar","32","1990","134","9","50","63","21","3","2","4","4","2","84","4"
"R?nald Matarrita","DF","Costa Rica","28","1994","30","0","12","15","4","1","1","1","1","0","22","0"
"R?ben Dias","DF","Portugal","25","1997","293","24","144","147","3","2","0","0","2","1","216","0"
"R?ben Neves","MF","Portugal","25","1997","275","7","68","173","34","1","0","0","1","1","220","1"
"Saad Al Sheeb","GK","Qatar","32","1990","22","21","22","0","0","0","0","0","0","0","8","0"
"Sadegh Moharrami","DF","IR Iran","26","1996","32","5","12","12","8","1","1","1","0","2","14","1"
"Saeid Ezatolahi","MF","IR Iran","26","1996","115","6","33","66","20","1","0","1","5","0","62","1"
"Saleh Al-Shehri","FW","Saudi Arabia","29","1993","73","2","5","37","32","12","0","2","8","1","39","9"
"Salem Al-Dawsari","MF","Saudi Arabia","31","1991","146","1","20","63","68","13","2","10","13","6","106","17"
"Salis Abdul Samed","MF","Ghana","22","2000","169","15","64","82","24","0","3","4","4","2","121","2"
"Salman Al-Faraj","MF","Saudi Arabia","33","1989","19","0","1","11","7","0","0","0","1","2","13","1"
"Sam Adekugbe","DF","Canada","27","1995","77","2","9","48","20","0","1","1","1","0","59","2"
"Saman Ghoddos","MF","IR Iran","29","1993","24","0","2","7","15","1","0","0","2","1","19","6"
"Sami Al-Najei","MF","Saudi Arabia","25","1997","25","0","3","5","18","1","0","0","1","1","15","2"
"Samuel Oum Gouet","MF","Cameroon","25","1997","65","4","23","38","5","0","0","0","1","0","40","0"
"Sardar Azmoun","FW","IR Iran","27","1995","40","1","5","17","18","8","0","1","0","0","29","3"
"Saud Abdulhamid","DF","Saudi Arabia","23","1999","150","11","37","61","54","5","2","4","4","1","74","10"
"Sa?a Luki?","MF","Serbia","26","1996","182","6","30","132","21","1","0","1","2","2","130","3"
"Sebastian Szyma?ski","MF","Poland","23","1999","61","3","18","28","16","3","1","3","5","2","35","6"
"Sebasti?n Coates","DF","Uruguay","32","1990","107","8","50","53","4","3","0","0","0","2","66","1"
"Selim Amallah","MF","Morocco","26","1996","145","5","30","87","29","5","1","7","15","5","80","8"
"Serge Gnabry","FW","Germany","27","1995","148","1","9","42","98","21","3","5","4","7","111","16"
"Sergej Milinkovi?-Savi?","MF","Serbia","27","1995","158","8","33","88","41","4","3","6","7","2","106","7"
"Sergio Busquets","MF","Spain","34","1988","309","6","46","209","54","1","1","1","2","2","237","13"
"Sergio Rochet","GK","Uruguay","29","1993","88","78","87","1","0","0","0","0","1","0","35","0"
"Sergi?o Dest","DF","United States","22","2000","250","10","58","115","80","6","5","13","9","8","178","3"
"Shaquell Moore","DF","United States","26","1996","27","4","12","7","8","2","0","0","0","0","16","1"
"Shogo Taniguchi","DF","Japan","31","1991","105","16","49","51","6","3","0","0","0","0","62","0"
"Sh?ichi Gonda","GK","Japan","33","1989","124","106","124","0","0","0","0","0","0","0","49","0"
"Silvan Widmer","DF","Switzerland","29","1993","208","13","67","95","47","6","1","2","5","6","126","8"
"Simon Kj?r,DF","Denmark","33","1989","68","4","28","39","1","0","0","0","1","0","45","0",NULL
"Sofiane Boufal","FW","Morocco","29","1993","199","3","31","95","77","11","14","27","14","5","144","14"
"Sofyan Amrabat","MF","Morocco","26","1996","383","23","143","225","18","0","0","5","9","3","240","0"
"Son Heung-min","FW","Korea Republic","30","1992","158","2","19","43","98","19","3","15","8","6","107","25"
"Son Jun-ho","MF","Korea Republic","30","1992","68","2","17","49","2","0","0","0","0","0","46","2"
"Sorba Thomas","MF","Wales","23","1999","6","0","1","2","3","0","0","1","0","1","4","0"
"Sr?an Babi?","DF","Serbia","26","1996","16","1","8","8","1","0","0","0","0","0","11","0"
"Stefan Mitrovi?","DF","Serbia","32","1990","22","1","8","13","1","0","0","0","0","0","19","0"
"Stephen Eust?quio","MF","Canada","25","1996","109","8","17","69","23","1","1","1","0","2","76","2"
"Steve Mandanda","GK","France","37","1985","32","28","32","0","0","0","0","0","0","0","9","0"
"Steven Berghuis","MF","Netherlands","30","1991","141","0","10","84","49","2","1","4","1","1","109","11"
"Steven Bergwijn","FW","Netherlands","25","1997","85","0","5","45","36","4","1","4","4","2","74","22"
"Steven Vit?ria","DF","Canada","35","1987","203","14","85","117","1","0","0","1","1","1","142","0"
"Strahinja Pavlovi?","DF","Serbia","21","2001","186","14","71","101","17","3","2","3","4","3","120","3"
"Sultan Al-Ghanam","DF","Saudi Arabia","28","1994","68","5","19","25","26","3","0","2","4","1","36","2"
"Taha Yassine Khenissi","FW","Tunisia","30","1992","8","1","1","3","4","2","0","0","1","2","3","0"
"Tajon Buchanan","MF","Canada","23","1999","131","3","20","42","72","8","7","25","8","7","95","17"
"Takefusa Kubo","FW","Japan","21","2001","23","1","4","10","10","4","0","0","5","1","13","0"
"Takehiro Tomiyasu","DF","Japan","24","1998","118","11","60","43","15","2","0","0","2","0","68","1"
"Takuma Asano","FW","Japan","28","1994","49","2","6","16","28","9","0","1","7","1","27","11"
"Takumi Minamino","FW","Japan","27","1995","32","1","7","12","13","4","0","0","2","2","20","5"
"Tarek Salman","DF","Qatar","25","1997","14","1","7","6","1","0","0","0","0","0","9","0"
"Tariq Lamptey","DF","Ghana","22","2000","50","7","23","18","10","1","0","3","1","1","17","3"
"Teun Koopmeiners","MF","Netherlands","24","1998","149","7","32","95","22","0","1","2","2","4","99","7"
"Theo Hern?ndez","DF","France","25","1997","383","13","87","198","100","8","2","5","6","5","248","13"
"Thiago Almada","MF","Argentina","21","2001","15","0","0","8","7","0","0","0","2","0","15","2"
"Thiago Silva","DF","Brazil","38","1984","368","22","139","219","10","3","0","1","2","0","289","0"
"Thibaut Courtois","GK","Belgium","30","1992","129","121","128","1","0","0","1","1","0","0","66","0"
"Thilo Kehrer","DF","Germany","26","1996","43","3","21","15","7","0","0","0","1","0","20","1"
"Thomas Delaney","MF","Denmark","31","1991","31","2","6","19","6","1","0","0","0","0","23","0"
"Thomas Meunier","DF","Belgium","31","1991","167","6","56","69","42","2","1","3","2","1","114","13"
"Thomas M?ller","FW","Germany","33","1989","91","0","6","35","52","13","0","0","4","2","71","11"
"Thomas Partey","MF","Ghana","29","1993","220","17","66","129","28","3","3","3","5","4","148","5"
"Thorgan Hazard","FW","Belgium","29","1993","66","0","11","26","30","2","0","2","4","0","39","9"
"Tim Ream","DF","United States","35","1987","305","25","117","180","9","3","2","2","4","0","203","0"
"Timothy Castagne","DF","Belgium","27","1995","229","11","80","119","30","2","0","2","3","0","164","6"
"Timothy Weah","FW","United States","22","2000","132","0","8","54","72","11","2","2","9","5","99","18"
"Toby Alderweireld","DF","Belgium","33","1989","303","40","172","127","8","1","0","0","2","0","243","0"
"Trent Alexander-Arnold","DF","England","24","1998","24","0","10","12","2","0","0","0","0","0","15","0"
"Tyler Adams","MF","United States","23","1999","307","8","67","205","36","0","1","1","4","3","192","2"
"Unai Sim?n,GK","Spain","25","1997","167","133","163","4","0","0","0","0","0","0","112","0",NULL
"Uriel Antuna","FW","Mexico","25","1997","33","0","2","14","18","1","0","1","6","0","24","6"
"Vanja Milinkovi?-Savi?","GK","Serbia","25","1997","136","105","131","5","0","0","0","0","0","0","64","0"
"Victor Nelsson","DF","Denmark","24","1998","79","4","17","59","3","0","0","0","0","0","58","0"
"Vincent Aboubakar","FW","Cameroon","30","1992","50","6","8","19","23","8","5","7","3","0","32","7"
"Vincent Janssen","FW","Netherlands","28","1994","32","1","1","12","19","4","1","1","4","1","22","5"
"Vinicius J?nior","FW","Brazil","22","2000","132","2","10","41","83","19","5","15","8","11","105","22"
"Virgil van Dijk","DF","Netherlands","31","1991","399","61","211","181","8","4","0","0","2","0","275","0"
"Vitinha","MF","Portugal","22","2000","118","1","7","79","32","0","1","2","2","1","102","5"
"Wahbi Khazri","FW","Tunisia","31","1991","36","0","5","12","19","5","0","3","3","2","20","7"
"Wajdi Kechrida","DF","Tunisia","27","1995","77","4","28","25","25","1","0","3","1","3","42","7"
"Walid Cheddira","FW","Morocco","24","1998","18","2","2","10","6","4","0","1","3","0","13","4"
"Walker Zimmerman","DF","United States","29","1993","274","26","137","132","5","1","0","0","0","0","191","0"
"Wataru Endo","MF","Japan","29","1993","239","14","60","139","41","2","1","5","2","5","147","3"
"Wayne Hennessey","GK","Wales","35","1987","68","61","67","1","0","0","0","0","0","0","27","0"
"Weston McKennie","MF","United States","24","1998","177","7","19","98","61","8","1","2","2","3","131","15"
"William Carvalho","MF","Portugal","30","1992","182","5","52","109","22","1","0","0","2","0","146","0"
"William Saliba","DF","France","21","2001","38","2","14","19","5","0","1","1","1","0","31","0"
"Wojciech Szcz?sny","GK","Poland","32","1990","159","136","158","1","0","0","0","0","0","0","56","0"
"Wout Weghorst","FW","Netherlands","30","1992","22","0","2","11","9","4","0","0","1","0","14","1"
"W?verton","GK","Brazil","35","1987","5","5","5","0","0","0","0","0","0","0","2","0"
"Xavi Simons","FW","Netherlands","19","2003","11","0","3","6","2","0","0","0","0","0","9","0"
"Xherdan Shaqiri","FW","Switzerland","31","1991","111","0","8","43","60","5","0","3","1","5","94","15"
"Yahya Attiat Allah","DF","Morocco","27","1995","167","16","75","66","27","5","0","2","2","2","85","8"
"Yahya Jabrane","MF","Morocco","31","1991",,,,,,,,,,,,
"Yann Sommer","GK","Switzerland","34","1988","126","99","126","0","0","0","0","0","0","0","76","0"
"Yannick Carrasco","FW","Belgium","29","1993","68","3","16","27","25","6","1","3","2","2","45","6"
"Yasser Al-Shahrani","DF","Saudi Arabia","30","1992","43","3","13","24","6","0","0","0","2","0","15","0"
"Yassine Bounou","GK","Morocco","31","1991","219","185","217","2","0","0","0","0","0","0","100","0"
"Yassine Meriah","DF","Tunisia","29","1993","208","29","104","98","7","1","2","4","2","0","138","1"
"Yeltsin Tejeda","MF","Costa Rica","30","1992","128","9","50","68","11","1","0","2","1","2","74","0"
"Youri Tielemans","MF","Belgium","25","1997","77","4","20","48","10","0","0","0","2","0","48","2"
"Youssef En-Nesyri","FW","Morocco","25","1997","127","13","37","61","29","13","5","8","9","1","70","13"
"Youssef Msakni","MF","Tunisia","32","1990","95","1","16","40","40","14","4","7","5","5","62","13"
"Youssouf Fofana","MF","France","23","1999","138","5","29","87","28","2","2","2","3","3","94","4"
"Youssouf Sabaly","DF","Senegal","29","1993","253","5","65","112","79","4","4","9","5","1","167","8"
"Youssoufa Moukoko","FW","Germany","18","2004","2","0","1","0","1","0","0","0","0","0","1","0"
"Youstin Salas","DF","Costa Rica","26","1996","27","4","16","7","5","0","1","2","1","1","6","0"
"Yuki Soma","FW","Japan","25","1997","26","0","2","6","18","1","1","2","2","0","15","3"
"Yunus Musah","MF","United States","20","2002","221","3","23","126","77","4","4","11","5","3","157","13"
"Yuto Nagatomo","MF","Japan","36","1986","123","6","27","59","37","0","3","4","1","1","67","2"
"Zakaria Aboukhlal","FW","Morocco","22","2000","26","2","3","10","13","4","0","1","3","0","16","0"
"?lvaro Morata","FW","Spain","30","1992","58","3","5","29","25","13","1","3","2","5","49","13"
"?lvaro Zamora","MF","Costa Rica","20","2002","9","0","1","7","2","0","0","0","1","1","7","1"
"?ngel Correa","MF","Argentina","27","1995","6","1","3","1","2","0","0","0","1","0","3","0"
"?ngel Di Mar?a,MF","Argentina","34","1988","201","1","13","59","132","17","13","25","10","6","163","24",NULL
"?ngelo Preciado","DF","Ecuador","24","1998","162","3","38","78","46","3","0","4","6","2","81","1"
"?der Milit?o,DF","Brazil","24","1998","306","12","103","151","55","6","0","0","6","1","217","5",NULL
"?scar Duarte","DF","Costa Rica","33","1989","132","29","93","35","4","1","0","0","1","0","70","0"
"?lkay G?ndo?an","MF","Germany","32","1990","187","2","17","117","55","6","2","2","4","1","142","6"
