"player","position","team","age","club","birth_year","games","games_starts","minutes","minutes_90s","goals","assists","goals_pens","pens_made","pens_att","cards_yellow","cards_red","goals_per90","assists_per90"
"Aaron Mooy","MF","Australia","32","Celtic","1990","4","4","360.0","4.0","0","0","0","0","0","1","0.00","0.00","0.00"
"Aaron Ramsey","MF","Wales","31","Nice","1990","3","3","266.0","3.0","0","0","0","0","0","1","0.00","0.00","0.00"
"Abdelhamid Sabiri","MF","Morocco","26","Sampdoria","1996","5","2","181.0","2.0","0","1","0","0","0","1","0.00","0.00","0.50"
"Abdelkarim Hassan","DF","Qatar","29","Al Sadd SC","1993","3","3","270.0","3.0","0","0","0","0","0","0","0.00","0.00","0.00"
"Abderrazak Hamdallah","FW","Morocco","32","Al-Ittihad","1990","4","0","68.0","0.8","0","0","0","0","0","0","0.00","0.00","0.00"
"Abdessamad Ezzalzouli","FW","Morocco","21","Osasuna","2001","3","0","93.0","1.0","0","0","0","0","0","0","0.00","0.00","0.00"
"Abdou Diallo","DF","Senegal","26","RB Leipzig","1996","4","4","331.0","3.7","0","0","0","0","0","0","0.00","0.00","0.00"
"Abdul Fatawu Issahaku","FW","Ghana","18","Sporting CP","2004","1","0","1.0","0.0","0","0","0","0","0","0","0.00","0.00","0.00"
"Abdulaziz Hatem","MF","Qatar","32","Al Rayyan SC","1990","3","2","196.0","2.2","0","0","0","0","0","0","0.00","0.00","0.00"
"Abdulelah Al-Amri","DF","Saudi Arabia","25","Al-Nassr","1997","3","2","182.0","2.0","0","0","0","0","0","2","0.00","0.00","0.00"
"Abdulellah Al-Malki","MF","Saudi Arabia","28","Al-Hilal","1994","2","2","174.0","1.9","0","0","0","0","0","2","0.00","0.00","0.00"
"Abdullah Madu","DF","Saudi Arabia","29","Al-Nassr","1993","1","0","45.0","0.5","0","0","0","0","0","1","0.00","0.00","0.00"
"Abdulrahman Al-Aboud","MF","Saudi Arabia","27","Al-Ittihad","1995","2","0","35.0","0.4","0","0","0","0","0","0","0.00","0.00","0.00"
"Abolfazl Jalali","DF","IR Iran","24","Esteghlal","1998","1","0","19.0","0.2","0","0","0","0","0","1","0.00","0.00","0.00"
"Achraf Dari","DF","Morocco","23","Brest","1999","3","2","187.0","2.1","1","0","1","0","0","1","0.00","0.48","0.00"
"Achraf Hakimi","DF","Morocco","24","Paris S-G","1998","7","7","631.0","7.0","0","1","0","0","0","0","0.00","0.00","0.14"
"Adrien Rabiot","MF","France","27","Juventus","1995","6","5","483.0","5.4","1","1","1","0","0","1","0.00","0.19","0.19"
"Agust?n Canobbio","MF","Uruguay","24","Atl Paranaense","1998","1","0","11.0","0.1","0","0","0","0","0","0","0.00","0.00","0.00"
"Ahmad Nourollahi","MF","IR Iran","29","Al-Ahli Dubai FC","1993","3","3","223.0","2.5","0","0","0","0","0","0","0.00","0.00","0.00"
"Ahmed Alaaeldin","FW","Qatar","29","Al-Gharafa Sports Club","1993","1","0","6.0","0.1","0","0","0","0","0","0","0.00","0.00","0.00"
"Aimen Dahmen","GK","Tunisia","25","CS Sfaxien","1997","3","3","270.0","3.0","0","0","0","0","0","0","0.00","0.00","0.00"
"Ajdin Hrustic","MF","Australia","26","Hellas Verona","1996","3","0","62.0","0.7","0","0","0","0","0","0","0.00","0.00","0.00"
"Akram Afif","FW","Qatar","26","Al Sadd SC","1996","3","3","270.0","3.0","0","0","0","0","0","1","0.00","0.00","0.00"
"Alan Franco","MF","Ecuador","24","Talleres","1998","2","1","46.0","0.5","0","0","0","0","0","0","0.00","0.00","0.00"
"Alejandro Balde","DF","Spain","19","Barcelona","2003","4","1","126.0","1.4","0","0","0","0","0","0","0.00","0.00","0.00"
"Aleksandar Mitrovi?","FW","Serbia","28","Fulham","1994","3","3","262.0","2.9","2","0","2","0","0","1","0.00","0.69","0.00"
"Alex Sandro","DF","Brazil","31","Juventus","1991","3","2","190.0","2.1","0","0","0","0","0","0","0.00","0.00","0.00"
"Alex Telles","DF","Brazil","30","Sevilla","1992","2","1","59.0","0.7","0","0","0","0","0","0","0.00","0.00","0.00"
"Alexander Bah","DF","Denmark","25","Benfica","1997","2","0","46.0","0.5","0","0","0","0","0","0","0.00","0.00","0.00"
"Alexander Djiku","DF","Ghana","28","Strasbourg","1994","2","1","97.0","1.1","0","0","0","0","0","0","0.00","0.00","0.00"
"Alexis Mac Allister","MF","Argentina","23","Brighton","1998","6","6","550.0","6.1","1","1","1","0","0","0","0.00","0.16","0.16"
"Alexis Vega","FW","Mexico","25","Guadalajara","1997","3","3","193.0","2.1","0","0","0","0","0","0","0.00","0.00","0.00"
"Ali Abdi","DF","Tunisia","28","Caen","1993","3","2","188.0","2.1","0","0","0","0","0","1","0.00","0.00","0.00"
"Ali Al Hassan","MF","Saudi Arabia","25","Al-Nassr","1997","1","1","45.0","0.5","0","0","0","0","0","1","0.00","0.00","0.00"
"Ali Al-Bulaihi","DF","Saudi Arabia","33","Al-Hilal","1989","3","3","216.0","2.4","0","0","0","0","0","1","0.00","0.00","0.00"
"Ali Assadalla","MF","Qatar","29","Al Sadd SC","1993","1","0","27.0","0.3","0","0","0","0","0","0","0.00","0.00","0.00"
"Ali Gholizadeh","MF","IR Iran","26","Charleroi","1996","3","2","199.0","2.2","0","1","0","0","0","0","0.00","0.00","0.45"
"Ali Karimi","MF","IR Iran","28","Kayserispor","1994","3","1","99.0","1.1","0","0","0","0","0","0","0.00","0.00","0.00"
"Ali Ma?loul","DF","Tunisia","32","Al Ahly SC","1990","1","1","90.0","1.0","0","0","0","0","0","0","0.00","0.00","0.00"
"Alidu Seidu","DF","Ghana","22","Clermont Foot","2000","2","2","155.0","1.7","0","0","0","0","0","2","0.00","0.00","0.00"
"Alireza Beiranvand","GK","IR Iran","30","Persepolis","1992","2","2","109.0","1.2","0","0","0","0","0","0","0.00","0.00","0.00"
"Alireza Jahanbakhsh","MF","IR Iran","29","Feyenoord","1993","2","1","59.0","0.7","0","0","0","0","0","2","0.00","0.00","0.00"
"Alisson","GK","Brazil","30","Liverpool","1992","4","4","379.0","4.2","0","0","0","0","0","0","0.00","0.00","0.00"
"Alistair Johnston","DF","Canada","24","CF Montr?al","1998","3","3","270.0","3.0","0","0","0","0","0","1","0.00","0.00","0.00"
"Almoez Ali","FW","Qatar","26","Al Duhail SC","1996","3","3","224.0","2.5","0","0","0","0","0","1","0.00","0.00","0.00"
"Alphonso Davies","MF","Canada","22","Bayern Munich","2000","3","3","270.0","3.0","1","0","1","0","1","1","0.00","0.33","0.00"
"Amadou Onana","MF","Belgium","21","Everton","2001","2","1","104.0","1.2","0","0","0","0","0","2","0.00","0.00","0.00"
"Anass Zaroury","FW","Morocco","22","Burnley","2000","1","0","27.0","0.3","0","0","0","0","0","0","0.00","0.00","0.00"
"Andre-Frank Zambo Anguissa","MF","Cameroon","27","Napoli","1995","3","3","260.0","2.9","0","1","0","0","0","0","0.00","0.00","0.35"
"Andreas Christensen","DF","Denmark","26","Barcelona","1996","3","3","270.0","3.0","1","0","1","0","0","1","0.00","0.33","0.00"
"Andreas Cornelius","FW","Denmark","29","FC Copenhagen","1993","3","1","92.0","1.0","0","0","0","0","0","1","0.00","0.00","0.00"
"Andreas Skov Olsen","FW","Denmark","22","Club Brugge","1999","2","2","132.0","1.5","0","0","0","0","0","0","0.00","0.00","0.00"
"Andrej Kramari?","FW","Croatia","31","Hoffenheim","1991","7","7","474.0","5.3","2","0","2","0","0","0","0.00","0.38","0.00"
"Andries Noppert","GK","Netherlands","28","Heerenveen","1994","5","5","480.0","5.3","0","0","0","0","0","0","0.00","0.00","0.00"
"Andrija ?ivkovi?","DF","Serbia","26","PAOK","1996","3","3","210.0","2.3","0","2","0","0","0","0","0.00","0.00","0.86"
"Andr? Ayew","MF","Ghana","33","Al Sadd SC","1989","3","3","198.0","2.2","1","0","1","0","1","1","0.00","0.45","0.00"
"Andr? Onana","GK","Cameroon","26","Inter","1996","1","1","80.0","0.9","0","0","0","0","0","0","0.00","0.00","0.00"
"Andr? Silva","FW","Portugal","27","RB Leipzig","1995","1","0","26.0","0.3","0","0","0","0","0","0","0.00","0.00","0.00"
"Andr?s Guardado","MF","Mexico","36","Betis","1986","1","1","41.0","0.5","0","0","0","0","0","0","0.00","0.00","0.00"
"Anis Ben Slimane","MF","Tunisia","21","Br?ndby","2001","2","2","148.0","1.6","0","0","0","0","0","0","0.00","0.00","0.00"
"Ansu Fati","FW","Spain","20","Barcelona","2002","2","0","46.0","0.5","0","0","0","0","0","0","0.00","0.00","0.00"
"Ante Budimir","FW","Croatia","31","Osasuna","1991","2","0","55.0","0.6","0","0","0","0","0","0","0.00","0.00","0.00"
"Anthony Contreras","FW","Costa Rica","22","Club Sport Herediano","2000","3","2","125.0","1.4","0","0","0","0","0","1","0.00","0.00","0.00"
"Antoine Griezmann","MF","France","31","Atl?tico Madrid","1991","7","6","537.0","6.0","0","3","0","0","0","1","0.00","0.00","0.50"
"Antoine Semenyo","FW","Ghana","22","Bristol City","2000","2","0","20.0","0.2","0","0","0","0","0","0","0.00","0.00","0.00"
"Antonee Robinson","DF","United States","25","Fulham","1997","4","4","359.0","4.0","0","0","0","0","0","0","0.00","0.00","0.00"
"Antonio R?diger","DF","Germany","29","Real Madrid","1993","3","3","270.0","3.0","0","0","0","0","0","0","0.00","0.00","0.00"
"Antony","FW","Brazil","22","Manchester Utd","2000","4","1","172.0","1.9","0","0","0","0","0","0","0.00","0.00","0.00"
"Ant?nio Silva","DF","Portugal","19","Benfica","2003","1","1","90.0","1.0","0","0","0","0","0","0","0.00","0.00","0.00"
"Ao Tanaka","MF","Japan","24","D?sseldorf","1998","3","2","171.0","1.9","1","0","1","0","0","0","0.00","0.53","0.00"
"Ardon Jasari","FW","Switzerland","20","Luzern","2002","1","0","2.0","0.0","0","0","0","0","0","0","0.00","0.00","0.00"
"Arkadiusz Milik","FW","Poland","28","Juventus","1994","3","1","101.0","1.1","0","0","0","0","0","1","0.00","0.00","0.00"
"Artur J?drzejczyk","DF","Poland","35","Legia Warsaw","1987","1","0","19.0","0.2","0","0","0","0","0","0","0.00","0.00","0.00"
"Asiri Haitham","FW","Saudi Arabia","21","Al-Ahli","2001","1","0","2.0","0.0","0","0","0","0","0","0","0.00","0.00","0.00"
"Assim Madibo","MF","Qatar","26","Al Duhail SC","1996","2","2","153.0","1.7","0","0","0","0","0","1","0.00","0.00","0.00"
"Atiba Hutchinson","MF","Canada","39","Be?ikta?","1983","3","2","159.0","1.8","0","0","0","0","0","0","0.00","0.00","0.00"
"Aur?lien Tchouam?ni","MF","France","22","Real Madrid","2000","7","7","621.0","6.9","1","0","1","0","0","1","0.00","0.14","0.00"
"Awer Mabil","MF","Australia","27","C?diz","1995","2","0","24.0","0.3","0","0","0","0","0","0","0.00","0.00","0.00"
"Axel Disasi","DF","France","24","Monaco","1998","3","1","92.0","1.0","0","0","0","0","0","0","0.00","0.00","0.00"
"Axel Witsel","MF","Belgium","33","Atl?tico Madrid","1989","3","3","270.0","3.0","0","0","0","0","0","0","0.00","0.00","0.00"
"Ayase Ueda","FW","Japan","24","Cercle Brugge","1998","1","1","45.0","0.5","0","0","0","0","0","0","0.00","0.00","0.00"
"Aymeric Laporte","DF","Spain","28","Manchester City","1994","3","3","300.0","3.3","0","0","0","0","0","1","0.00","0.00","0.00"
"Aziz Behich","DF","Australia","32","Dundee United","1990","4","4","360.0","4.0","0","0","0","0","0","1","0.00","0.00","0.00"
"Azzedine Ounahi","MF","Morocco","22","Angers","2000","7","6","568.0","6.3","0","0","0","0","0","1","0.00","0.00","0.00"
"A?ssa La?douni","MF","Tunisia","26","Ferencv?ros","1996","3","3","243.0","2.7","0","1","0","0","0","1","0.00","0.00","0.37"
"Baba Rahman","DF","Ghana","28","Reading","1994","3","2","183.0","2.0","0","0","0","0","0","0","0.00","0.00","0.00"
"Badr Banoun","DF","Morocco","29","Qatar SC","1993","3","0","54.0","0.6","0","0","0","0","0","0","0.00","0.00","0.00"
"Bailey Wright","DF","Australia","30","Sunderland","1992","1","0","17.0","0.2","0","0","0","0","0","0","0.00","0.00","0.00"
"Bamba Dieng","FW","Senegal","22","Marseille","2000","4","0","100.0","1.1","1","0","1","0","0","0","0.00","0.90","0.00"
"Bartosz Bereszy?ski","DF","Poland","30","Sampdoria","1992","4","4","341.0","3.8","0","0","0","0","0","1","0.00","0.00","0.00"
"Bassam Al-Rawi","DF","Qatar","25","Al Duhail SC","1997","1","1","90.0","1.0","0","0","0","0","0","0","0.00","0.00","0.00"
"Ben Davies","DF","Wales","29","Tottenham","1993","3","3","238.0","2.6","0","0","0","0","0","0","0.00","0.00","0.00"
"Benjamin Pavard","DF","France","26","Bayern Munich","1996","1","1","88.0","1.0","0","0","0","0","0","0","0.00","0.00","0.00"
"Bernardo Silva","MF","Portugal","28","Manchester City","1994","5","4","356.0","4.0","0","0","0","0","0","0","0.00","0.00","0.00"
"Bilal El Khannous","MF","Morocco","18","Genk","2004","1","1","55.0","0.6","0","0","0","0","0","0","0.00","0.00","0.00"
"Borna Bari?i?","DF","Croatia","30","Rangers","1992","1","1","120.0","1.3","0","0","0","0","0","1","0.00","0.00","0.00"
"Borna Sosa","DF","Croatia","24","Stuttgart","1998","5","5","424.0","4.7","0","0","0","0","0","0","0.00","0.00","0.00"
"Boualem Khoukhi","DF","Qatar","32","Al Sadd SC","1990","3","3","270.0","3.0","0","0","0","0","0","0","0.00","0.00","0.00"
"Boulaye Dia","FW","Senegal","26","Salernitana","1996","4","4","318.0","3.5","1","0","1","0","0","1","0.00","0.28","0.00"
"Brandon Aguilera","MF","Costa Rica","19","Asociaci?n Deportiva Guanacaste","2003","3","1","90.0","1.0","0","0","0","0","0","0","0.00","0.00","0.00"
"Breel Embolo","FW","Switzerland","25","Monaco","1997","4","4","323.0","3.6","2","0","2","0","0","0","0.00","0.56","0.00"
"Brenden Aaronson","MF","United States","22","Leeds United","2000","4","0","108.0","1.2","0","0","0","0","0","0","0.00","0.00","0.00"
"Brennan Johnson","FW","Wales","21","Nott'ham Forest","2001","3","0","91.0","1.0","0","0","0","0","0","0","0.00","0.00","0.00"
"Bruno Fernandes","FW","Portugal","28","Manchester Utd","1994","4","4","356.0","4.0","2","3","1","1","1","1","0.00","0.51","0.76"
"Bruno Guimar?es","MF","Brazil","25","Newcastle Utd","1997","2","0","69.0","0.8","0","0","0","0","0","1","0.00","0.00","0.00"
"Bruno Petkovi?","FW","Croatia","28","Dinamo Zagreb","1994","6","1","234.0","2.6","1","0","1","0","0","1","0.00","0.38","0.00"
"Bryan Mbeumo","FW","Cameroon","23","Brentford","1999","3","3","233.0","2.6","0","0","0","0","0","0","0.00","0.00","0.00"
"Bryan Oviedo","DF","Costa Rica","32","Real Salt Lake","1990","3","3","260.0","2.9","0","0","0","0","0","0","0.00","0.00","0.00"
"Bryan Ruiz","MF","Costa Rica","37","Liga Deportiva Alajuelense","1985","1","0","30.0","0.3","0","0","0","0","0","0","0.00","0.00","0.00"
"Bukayo Saka","FW","England","21","Arsenal","2001","4","4","288.0","3.2","3","0","3","0","0","0","0.00","0.94","0.00"
"Callum Wilson","FW","England","30","Newcastle Utd","1992","2","0","48.0","0.5","0","1","0","0","0","0","0.00","0.00","1.87"
"Cameron Carter-Vickers","DF","United States","24","Celtic","1997","1","1","90.0","1.0","0","0","0","0","0","0","0.00","0.00","0.00"
"Carlos Gruezo","MF","Ecuador","27","Augsburg","1995","1","1","45.0","0.5","0","0","0","0","0","0","0.00","0.00","0.00"
"Carlos Mart?nez","DF","Costa Rica","23","AD San Carlos","1999","1","1","45.0","0.5","0","0","0","0","0","0","0.00","0.00","0.00"
"Carlos Soler","MF","Spain","25","Paris S-G","1997","2","0","92.0","1.0","1","0","1","0","0","0","0.00","0.98","0.00"
"Casemiro","MF","Brazil","30","Manchester Utd","1992","4","4","390.0","4.3","1","0","1","0","0","1","0.00","0.23","0.00"
"Celso Borges","MF","Costa Rica","34","Liga Deportiva Alajuelense","1988","3","3","249.0","2.8","0","0","0","0","0","1","0.00","0.00","0.00"
"Charles De Ketelaere","FW","Belgium","21","Milan","2001","1","0","16.0","0.2","0","0","0","0","0","0","0.00","0.00","0.00"
"Charly Rodr?guez","MF","Mexico","25","Cruz Azul","1997","2","0","34.0","0.4","0","0","0","0","0","0","0.00","0.00","0.00"
"Cheikhou Kouyat?,MF","Senegal","32","Nott'ham Forest","1989","1","1","72","0.8","0.0","0","0","0","0","0","0","0.00","0.00",NULL
"Cho Guesung","FW","Korea Republic","24","Jeonbuk","1998","4","3","275.0","3.1","2","0","2","0","0","1","0.00","0.65","0.00"
"Cho Yumin","FW","Korea Republic","26","Daejeon Citizen FC","1996","1","0","1.0","0.0","0","0","0","0","0","0","0.00","0.00","0.00"
"Chris Mepham","DF","Wales","25","Bournemouth","1997","3","3","270.0","3.0","0","0","0","0","0","1","0.00","0.00","0.00"
"Christian Bassogog","MF","Cameroon","27","Shanghai Shen","1995","1","0","24.0","0.3","0","0","0","0","0","1","0.00","0.00","0.00"
"Christian Eriksen","MF","Denmark","30","Manchester Utd","1992","3","3","270.0","3.0","0","0","0","0","0","0","0.00","0.00","0.00"
"Christian Fassnacht","FW","Switzerland","29","Young Boys","1993","1","0","8.0","0.1","0","0","0","0","0","0","0.00","0.00","0.00"
"Christian N?rgaard","MF","Denmark","28","Brentford","1994","1","0","6.0","0.1","0","0","0","0","0","0","0.00","0.00","0.00"
"Christian Pulisic","FW","United States","24","Chelsea","1998","4","4","315.0","3.5","1","2","1","0","0","0","0.00","0.29","0.57"
"Christopher Wooh","DF","Cameroon","21","Rennes","2001","1","1","90.0","1.0","0","0","0","0","0","0","0.00","0.00","0.00"
"Cody Gakpo","FW","Netherlands","23","PSV Eindhoven","1999","5","5","450.0","5.0","3","0","3","0","0","0","0.00","0.60","0.00"
"Collins Fai","DF","Cameroon","30","Al-Ta'ee","1992","3","3","270.0","3.0","0","0","0","0","0","2","0.00","0.00","0.00"
"Connor Roberts","DF","Wales","27","Burnley","1995","3","2","200.0","2.2","0","0","0","0","0","0","0.00","0.00","0.00"
"Craig Goodwin","MF","Australia","31","Adelaide","1991","4","3","234.0","2.6","1","1","1","0","0","0","0.00","0.38","0.38"
"Cristian Romero","DF","Argentina","24","Tottenham","1998","7","6","547.0","6.1","0","0","0","0","0","2","0.00","0.00","0.00"
"Cristiano Ronaldo","FW","Portugal","37","Manchester Utd","1985","5","3","290.0","3.2","1","0","0","1","1","0","0.00","0.31","0.00"
"Cyle Larin","FW","Canada","27","Club Brugge","1995","3","2","137.0","1.5","0","0","0","0","0","0","0.00","0.00","0.00"
"C?sar Azpilicueta","DF","Spain","33","Chelsea","1989","2","2","135.0","1.5","0","1","0","0","0","0","0.00","0.00","0.67"
"C?sar Montes","DF","Mexico","25","Monterrey","1997","3","3","270.0","3.0","0","1","0","0","0","0","0.00","0.00","0.33"
"Daichi Kamada","FW","Japan","26","Eint Frankfurt","1996","4","4","322.0","3.6","0","0","0","0","0","0","0.00","0.00","0.00"
"Daizen Maeda","FW","Japan","25","Celtic","1997","3","3","180.0","2.0","1","0","1","0","0","0","0.00","0.50","0.00"
"Daley Blind","DF","Netherlands","32","Ajax","1990","5","5","423.0","4.7","1","1","1","0","0","0","0.00","0.21","0.21"
"Damian Szyma?ski","MF","Poland","27","AEK Athens","1995","1","0","29.0","0.3","0","0","0","0","0","0","0.00","0.00","0.00"
"Dani Alves","DF","Brazil","39","UNAM","1983","2","1","118.0","1.3","0","0","0","0","0","0","0.00","0.00","0.00"
"Dani Carvajal","DF","Spain","30","Real Madrid","1992","2","1","135.0","1.5","0","0","0","0","0","0","0.00","0.00","0.00"
"Dani Olmo","FW","Spain","24","RB Leipzig","1998","4","4","367.0","4.1","1","1","1","0","0","0","0.00","0.25","0.25"
"Daniel Amartey","DF","Ghana","27","Leicester City","1994","3","3","251.0","2.8","0","0","0","0","0","2","0.00","0.00","0.00"
"Daniel Chac?n,MF","Costa Rica","21","CS Cartagin?s,20","1","0","1","0","0.0","0.0","0","0","0","0","0","0","0.00",NULL,NULL
"Daniel James","FW","Wales","25","Fulham","1997","3","2","154.0","1.7","0","0","0","0","0","1","0.00","0.00","0.00"
"Daniel Kyereh","MF","Ghana","26","Freiburg","1996","3","0","33.0","0.4","0","0","0","0","0","0","0.00","0.00","0.00"
"Danilo","DF","Brazil","31","Juventus","1991","3","3","281.0","3.1","0","0","0","0","0","1","0.00","0.00","0.00"
"Danilo Pereira","DF","Portugal","31","Paris S-G","1991","1","1","90.0","1.0","0","0","0","0","0","1","0.00","0.00","0.00"
"Danny Ward","GK","Wales","29","Leicester City","1993","2","1","94.0","1.0","0","0","0","0","0","0","0.00","0.00","0.00"
"Darko Lazovi?","DF","Serbia","32","Hellas Verona","1990","1","0","25.0","0.3","0","0","0","0","0","0","0.00","0.00","0.00"
"Darwin N??ez,FW","Uruguay","23","Liverpool","1999","3","3","240","2.7","0.0","0","0","0","0","1","0","0.00","0.00",NULL
"David Raum","DF","Germany","24","RB Leipzig","1998","3","3","242.0","2.7","0","1","0","0","0","0","0.00","0.00","0.37"
"David Wotherspoon","MF","Canada","32","St Johnstone","1990","1","0","15.0","0.2","0","0","0","0","0","0","0.00","0.00","0.00"
"Davy Klaassen","MF","Netherlands","29","Ajax","1993","4","3","190.0","2.1","1","2","1","0","0","0","0.00","0.47","0.95"
"Dayot Upamecano","DF","France","24","Bayern Munich","1998","5","5","480.0","5.3","0","0","0","0","0","0","0.00","0.00","0.00"
"DeAndre Yedlin","DF","United States","29","Inter Miami","1993","2","0","33.0","0.4","0","0","0","0","0","0","0.00","0.00","0.00"
"Declan Rice","MF","England","23","West Ham","1999","5","5","417.0","4.6","0","0","0","0","0","0","0.00","0.00","0.00"
"Dejan Lovren","DF","Croatia","33","Zenit","1989","6","6","600.0","6.7","0","1","0","0","0","1","0.00","0.00","0.15"
"Denis Odoi","DF","Ghana","34","Club Brugge","1988","1","0","13.0","0.1","0","0","0","0","0","0","0.00","0.00","0.00"
"Denis Zakaria","MF","Switzerland","26","Chelsea","1996","2","0","59.0","0.7","0","0","0","0","0","0","0.00","0.00","0.00"
"Denzel Dumfries","DF","Netherlands","26","Inter","1996","5","5","479.0","5.3","1","2","1","0","0","2","1.00","0.19","0.38"
"Devis Epassy","GK","Cameroon","29","Abha","1993","2","2","180.0","2.0","0","0","0","0","0","0","0.00","0.00","0.00"
"Diego God?n,DF","Uruguay","36","V?lez Sarsf","1986","2","2","151","1.7","0.0","0","0","0","0","0","0","0.00","0.00",NULL
"Diogo Costa","GK","Portugal","23","Porto","1999","5","5","450.0","5.0","0","0","0","0","0","0","0.00","0.00","0.00"
"Diogo Dalot","DF","Portugal","23","Manchester Utd","1999","3","3","258.0","2.9","0","2","0","0","0","0","0.00","0.00","0.70"
"Djibril Sow","MF","Switzerland","25","Eint Frankfurt","1997","4","4","264.0","2.9","0","1","0","0","0","0","0.00","0.00","0.34"
"Djorkaeff Reasco","FW","Ecuador","23","Newell's OB","1999","1","0","27.0","0.3","0","0","0","0","0","0","0.00","0.00","0.00"
"Dominik Livakovi?","GK","Croatia","27","Dinamo Zagreb","1995","7","7","690.0","7.7","0","0","0","0","0","1","0.00","0.00","0.00"
"Dries Mertens","MF","Belgium","35","Galatasaray","1987","2","1","76.0","0.8","0","0","0","0","0","0","0.00","0.00","0.00"
"Du?an Tadi?","MF","Serbia","34","Ajax","1988","3","3","257.0","2.9","0","2","0","0","0","0","0.00","0.00","0.70"
"Du?an Vlahovi?","FW","Serbia","22","Juventus","2000","2","1","79.0","0.9","1","0","1","0","0","0","0.00","1.14","0.00"
"Dylan Bronn","DF","Tunisia","27","Salernitana","1995","2","2","162.0","1.8","0","0","0","0","0","0","0.00","0.00","0.00"
"Eden Hazard","MF","Belgium","31","Real Madrid","1991","3","2","124.0","1.4","0","0","0","0","0","0","0.00","0.00","0.00"
"Ederson","GK","Brazil","29","Manchester City","1993","1","1","90.0","1.0","0","0","0","0","0","0","0.00","0.00","0.00"
"Edimilson Fernandes","FW","Switzerland","26","Mainz 05","1996","3","1","145.0","1.6","0","0","0","0","0","0","0.00","0.00","0.00"
"Edinson Cavani","FW","Uruguay","35","Valencia","1987","3","1","124.0","1.4","0","0","0","0","0","1","0.00","0.00","0.00"
"Edouard Mendy","GK","Senegal","30","Chelsea","1992","4","4","360.0","4.0","0","0","0","0","0","0","0.00","0.00","0.00"
"Edson ?lvarez","MF","Mexico","25","Ajax","1997","2","2","175.0","1.9","0","0","0","0","0","1","0.00","0.00","0.00"
"Eduardo Camavinga","DF","France","20","Real Madrid","2002","2","1","140.0","1.6","0","0","0","0","0","0","0.00","0.00","0.00"
"Ehsan Hajsafi","MF","IR Iran","32","AEK Athens","1990","3","3","237.0","2.6","0","0","0","0","0","0","0.00","0.00","0.00"
"Ellyes Skhiri","MF","Tunisia","27","K?ln","1995","3","3","270.0","3.0","0","0","0","0","0","0","0.00","0.00","0.00"
"Emiliano Mart?nez","GK","Argentina","30","Aston Villa","1992","7","7","690.0","7.7","0","0","0","0","0","1","0.00","0.00","0.00"
"Enner Valencia","FW","Ecuador","33","Fenerbah?e,1989","3","3","255","2.8","3.0","0","2","1","1","0","0","1.06","0.00",NULL
"Enzo Ebosse","DF","Cameroon","23","Udinese","1999","1","1","90.0","1.0","0","0","0","0","0","0","0.00","0.00","0.00"
"Enzo Fern?ndez","MF","Argentina","21","Benfica","2001","7","5","564.0","6.3","1","1","1","0","0","1","0.00","0.16","0.16"
"Eray C?mert","DF","Switzerland","24","Valencia","1998","2","0","46.0","0.5","0","0","0","0","0","1","0.00","0.00","0.00"
"Eric Dier","DF","England","28","Tottenham","1994","2","0","36.0","0.4","0","0","0","0","0","0","0.00","0.00","0.00"
"Eric Maxim Choupo-Moting","FW","Cameroon","33","Bayern Munich","1989","3","3","253.0","2.8","1","0","1","0","0","0","0.00","0.36","0.00"
"Erick Guti?rrez","MF","Mexico","27","PSV Eindhoven","1995","1","0","49.0","0.5","0","0","0","0","0","1","0.00","0.00","0.00"
"Ethan Ampadu","MF","Wales","22","Spezia","2000","3","3","255.0","2.8","0","0","0","0","0","0","0.00","0.00","0.00"
"Everton Ribeiro","MF","Brazil","33","Flamengo","1989","1","0","36.0","0.4","0","0","0","0","0","0","0.00","0.00","0.00"
"Exequiel Palacios","MF","Argentina","24","Leverkusen","1998","3","0","50.0","0.6","0","0","0","0","0","0","0.00","0.00","0.00"
"Fabian Frei","MF","Switzerland","33","Basel","1989","2","0","25.0","0.3","0","0","0","0","0","0","0.00","0.00","0.00"
"Fabian Rieder","FW","Switzerland","20","Young Boys","2002","2","1","68.0","0.8","0","0","0","0","0","1","0.00","0.00","0.00"
"Fabian Sch?r,DF","Switzerland","30","Newcastle Utd","1991","2","2","135","1.5","0.0","0","0","0","0","2","0","0.00","0.00",NULL
"Fabinho","MF","Brazil","29","Liverpool","1993","1","1","90.0","1.0","0","0","0","0","0","0","0.00","0.00","0.00"
"Facundo Pellistri","MF","Uruguay","20","Manchester Utd","2001","3","2","181.0","2.0","0","0","0","0","0","0","0.00","0.00","0.00"
"Famara Diedhiou","FW","Senegal","30","Alanyaspor","1992","2","1","92.0","1.0","1","0","1","0","0","0","0.00","0.98","0.00"
"Federico Valverde","MF","Uruguay","24","Real Madrid","1998","3","3","270.0","3.0","0","0","0","0","0","0","0.00","0.00","0.00"
"Ferjani Sassi","MF","Tunisia","30","Al Duhail SC","1992","2","0","48.0","0.5","0","0","0","0","0","1","0.00","0.00","0.00"
"Ferr?n Torres","FW","Spain","22","Barcelona","2000","4","3","217.0","2.4","2","0","1","1","1","0","0.00","0.83","0.00"
"Filip Kosti?","DF","Serbia","30","Juventus","1992","2","2","179.0","2.0","0","0","0","0","0","0","0.00","0.00","0.00"
"Filip Mladenovi?","DF","Serbia","31","Legia Warsaw","1991","1","1","65.0","0.7","0","0","0","0","0","0","0.00","0.00","0.00"
"Filip ?uri?i?","MF","Serbia","30","Sampdoria","1992","2","0","14.0","0.2","0","0","0","0","0","0","0.00","0.00","0.00"
"Firas Al-Buraikan","MF","Saudi Arabia","22","Al-Fateh","2000","3","3","268.0","3.0","0","1","0","0","0","0","0.00","0.00","0.34"
"Fod? Ballo-Tour?,DF","Senegal","25","Milan","1997","1","0","7","0.1","0.0","0","0","0","0","0","0","0.00","0.00",NULL
"Fran Kara?i?","DF","Australia","26","Brescia","1996","2","1","93.0","1.0","0","0","0","0","0","0","0.00","0.00","0.00"
"Francisco Calvo","DF","Costa Rica","30","Konyaspor","1992","2","2","180.0","2.0","0","0","0","0","0","2","0.00","0.00","0.00"
"Fred","MF","Brazil","29","Manchester Utd","1993","4","2","142.0","1.6","0","0","0","0","0","1","0.00","0.00","0.00"
"Frenkie de Jong","MF","Netherlands","25","Barcelona","1997","5","5","475.0","5.3","1","1","1","0","0","1","0.00","0.19","0.19"
"F?lix Torres Caicedo","DF","Ecuador","25","Santos","1997","3","3","270.0","3.0","0","1","0","0","0","0","0.00","0.00","0.33"
"Gabriel Jesus","FW","Brazil","25","Arsenal","1997","3","1","93.0","1.0","0","0","0","0","0","0","0.00","0.00","0.00"
"Garang Kuol","FW","Australia","18","Central Coast","2004","2","0","37.0","0.4","0","0","0","0","0","0","0.00","0.00","0.00"
"Gareth Bale","FW","Wales","33","Los Angeles FC","1989","3","3","225.0","2.5","1","0","0","1","1","1","0.00","0.40","0.00"
"Gavi","MF","Spain","18","Barcelona","2004","4","4","284.0","3.2","1","0","1","0","0","0","0.00","0.32","0.00"
"Ga?l Ondoua","MF","Cameroon","27","Hannover 96","1995","2","0","47.0","0.5","0","0","0","0","0","0","0.00","0.00","0.00"
"Georges-K?vin N'Koudou","FW","Cameroon","27","Be?ikta?","1995","2","0","27.0","0.3","0","0","0","0","0","0","0.00","0.00","0.00"
"Germ?n Pezzella","DF","Argentina","31","Betis","1991","3","0","60.0","0.7","0","0","0","0","0","1","0.00","0.00","0.00"
"Gerson Torres","MF","Costa Rica","25","Club Sport Herediano","1997","1","1","64.0","0.7","0","0","0","0","0","0","0.00","0.00","0.00"
"Ghayl?ne Chaalali","MF","Tunisia","28","Esp?rance de Tunis","1994","1","0","17.0","0.2","0","0","0","0","0","0","0.00","0.00","0.00"
"Gideon Mensah","DF","Ghana","24","Auxerre","1998","1","1","87.0","1.0","0","1","0","0","0","0","0.00","0.00","1.03"
"Gio Reyna","FW","United States","20","Dortmund","2002","2","0","53.0","0.6","0","0","0","0","0","0","0.00","0.00","0.00"
"Giorgian De Arrascaeta","MF","Uruguay","28","Flamengo","1994","2","1","108.0","1.2","2","0","2","0","0","0","0.00","1.67","0.00"
"Gleison Bremer","DF","Brazil","25","Juventus","1997","2","1","109.0","1.2","0","0","0","0","0","0","0.00","0.00","0.00"
"Gonzalo Montiel","DF","Argentina","25","Sevilla","1997","4","1","118.0","1.3","0","0","0","0","0","3","0.00","0.00","0.00"
"Gonzalo Plata","MF","Ecuador","22","Valladolid","2000","3","3","269.0","3.0","0","0","0","0","0","0","0.00","0.00","0.00"
"Gon?alo Ramos","FW","Portugal","21","Benfica","2001","4","2","152.0","1.7","3","1","3","0","0","0","0.00","1.78","0.59"
"Granit Xhaka","MF","Switzerland","30","Arsenal","1992","4","4","360.0","4.0","0","0","0","0","0","1","0.00","0.00","0.00"
"Gregor Kobel","GK","Switzerland","25","Dortmund","1997","1","1","90.0","1.0","0","0","0","0","0","0","0.00","0.00","0.00"
"Grzegorz Krychowiak","MF","Poland","32","Al-Shabab","1990","4","4","332.0","3.7","0","0","0","0","0","1","0.00","0.00","0.00"
"Guido Rodr?guez","MF","Argentina","28","Betis","1994","1","1","56.0","0.6","0","0","0","0","0","0","0.00","0.00","0.00"
"Guillermo Ochoa","GK","Mexico","37","Am?rica","1985","3","3","270.0","3.0","0","0","0","0","0","0","0.00","0.00","0.00"
"Guillermo Varela","DF","Uruguay","29","Flamengo","1993","3","2","183.0","2.0","0","0","0","0","0","0","0.00","0.00","0.00"
"Haji Wright","FW","United States","24","Antalyaspor","1998","4","1","137.0","1.5","1","0","1","0","0","0","0.00","0.66","0.00"
"Hakim Ziyech","FW","Morocco","29","Chelsea","1993","7","7","635.0","7.1","1","1","1","0","0","0","0.00","0.14","0.14"
"Hannibal Mejbri","MF","Tunisia","19","Birmingham City","2003","1","0","11.0","0.1","0","0","0","0","0","0","0.00","0.00","0.00"
"Haris Seferovi?","FW","Switzerland","30","Galatasaray","1992","3","0","71.0","0.8","0","0","0","0","0","0","0.00","0.00","0.00"
"Harry Kane","FW","England","29","Tottenham","1993","5","5","402.0","4.5","2","3","1","1","2","0","0.00","0.45","0.67"
"Harry Maguire","DF","England","29","Manchester Utd","1993","5","5","429.0","4.8","0","1","0","0","0","1","0.00","0.00","0.21"
"Harry Souttar","DF","Australia","24","Stoke City","1998","4","4","360.0","4.0","0","0","0","0","0","0","0.00","0.00","0.00"
"Harry Wilson","MF","Wales","25","Fulham","1997","3","2","160.0","1.8","0","0","0","0","0","0","0.00","0.00","0.00"
"Hassan Al Tambakti","DF","Saudi Arabia","23","Al-Shabab","1999","2","2","180.0","2.0","0","0","0","0","0","1","0.00","0.00","0.00"
"Hassan Al-Haydos","MF","Qatar","32","Al Sadd SC","1990","3","3","206.0","2.3","0","0","0","0","0","0","0.00","0.00","0.00"
"Hattan Bahebri","MF","Saudi Arabia","30","Al-Shabab","1992","2","0","4.0","0.0","0","1","0","0","0","1","0.00","0.00","9.99"
"Henry Mart?n,FW","Mexico","30","Am?rica","1992","2","2","146","1.6","1.0","0","1","0","0","0","0","0.62","0.00",NULL
"Hern?n Gal?ndez","GK","Ecuador","35","SD Aucas","1987","3","3","270.0","3.0","0","0","0","0","0","0","0.00","0.00","0.00"
"Hidemasa Morita","MF","Japan","27","Sporting CP","1995","3","3","285.0","3.2","0","0","0","0","0","0","0.00","0.00","0.00"
"Hiroki Ito","DF","Japan","23","Stuttgart","1999","1","0","45.0","0.5","0","0","0","0","0","0","0.00","0.00","0.00"
"Hiroki Sakai","MF","Japan","32","Urawa Reds","1990","2","1","119.0","1.3","0","0","0","0","0","0","0.00","0.00","0.00"
"Hirving Lozano","FW","Mexico","27","Napoli","1995","3","3","252.0","2.8","0","0","0","0","0","0","0.00","0.00","0.00"
"Homam Ahmed","DF","Qatar","23","Al-Gharafa Sports Club","1999","3","3","262.0","2.9","0","0","0","0","0","1","0.00","0.00","0.00"
"Hong Chul","DF","Korea Republic","32","Daegu","1990","1","0","45.0","0.5","0","0","0","0","0","0","0.00","0.00","0.00"
"Hossein Hosseini","GK","IR Iran","30","Esteghlal","1992","2","1","161.0","1.8","0","0","0","0","0","0","0.00","0.00","0.00"
"Hossein Kanaanizadegan","DF","IR Iran","28","Al Ahli SC","1994","1","0","45.0","0.5","0","0","0","0","0","1","0.00","0.00","0.00"
"Hugo Lloris","GK","France","35","Tottenham","1986","6","6","570.0","6.3","0","0","0","0","0","0","0.00","0.00","0.00"
"Hwang Hee-chan","MF","Korea Republic","26","Wolves","1996","2","1","115.0","1.3","1","0","1","0","0","1","0.00","0.78","0.00"
"Hwang In-beom","MF","Korea Republic","26","Olympiacos","1996","4","4","334.0","3.7","0","0","0","0","0","0","0.00","0.00","0.00"
"Hwang Ui-jo","FW","Korea Republic","30","Olympiacos","1992","4","1","106.0","1.2","0","0","0","0","0","0","0.00","0.00","0.00"
"H?ctor Herrera","MF","Mexico","32","Houston Dynamo","1990","2","2","160.0","1.8","0","0","0","0","0","1","0.00","0.00","0.00"
"H?ctor Moreno","DF","Mexico","34","Monterrey","1988","3","3","270.0","3.0","0","0","0","0","0","1","0.00","0.00","0.00"
"Ibrahima Konat?,DF","France","23","Liverpool","1999","5","3","294","3.3","0.0","0","0","0","0","0","0","0.00","0.00",NULL
"Idrissa Gana Gueye","MF","Senegal","33","Everton","1989","3","3","270.0","3.0","0","0","0","0","0","2","0.00","0.00","0.00"
"Ilias Chair","MF","Morocco","25","QPR","1997","1","0","45.0","0.5","0","0","0","0","0","0","0.00","0.00","0.00"
"Iliman Ndiaye","FW","Senegal","22","Sheffield Utd","2000","3","2","135.0","1.5","0","1","0","0","0","0","0.00","0.00","0.67"
"Ismail Jakobs","DF","Senegal","23","Monaco","1999","4","3","278.0","3.1","0","1","0","0","0","1","0.00","0.00","0.32"
"Ismail Mohamad","FW","Qatar","32","Al Duhail SC","1990","2","2","174.0","1.9","0","1","0","0","0","1","0.00","0.00","0.52"
"Ismaila Sarr","FW","Senegal","24","Watford","1998","4","4","344.0","3.8","1","0","0","1","1","0","0.00","0.26","0.00"
"Isma?l Kon?,MF","Canada","20","CF Montr?al","2002","3","0","109","1.2","0.0","0","0","0","0","0","0","0.00","0.00",NULL
"Issam Jebali","FW","Tunisia","30","Odense","1991","3","2","182.0","2.0","0","0","0","0","0","0","0.00","0.00","0.00"
"Ivan Ili?","MF","Serbia","21","Hellas Verona","2001","1","0","34.0","0.4","0","0","0","0","0","0","0.00","0.00","0.00"
"Ivan Peri?i?","FW","Croatia","33","Tottenham","1989","7","7","669.0","7.4","1","3","1","0","0","0","0.00","0.13","0.40"
"I?aki Williams","FW","Ghana","28","Athletic Club","1994","3","3","270.0","3.0","0","0","0","0","0","0","0.00","0.00","0.00"
"Jack Grealish","FW","England","27","Manchester City","1995","5","0","86.0","1.0","1","0","1","0","0","0","0.00","1.05","0.00"
"Jackson Irvine","MF","Australia","29","St. Pauli","1993","4","4","354.0","3.9","0","0","0","0","0","2","0.00","0.00","0.00"
"Jackson Porozo","DF","Ecuador","22","Troyes","2000","2","1","96.0","1.1","0","0","0","0","0","0","0.00","0.00","0.00"
"Jakub Kami?ski","MF","Poland","20","Wolfsburg","2002","4","2","233.0","2.6","0","0","0","0","0","0","0.00","0.00","0.00"
"Jakub Kiwior","DF","Poland","22","Spezia","2000","4","4","355.0","3.9","0","0","0","0","0","1","0.00","0.00","0.00"
"Jamal Musiala","MF","Germany","19","Bayern Munich","2003","3","3","258.0","2.9","0","1","0","0","0","0","0.00","0.00","0.35"
"Jamie Maclaren","FW","Australia","29","Melb City","1993","3","0","55.0","0.6","0","0","0","0","0","0","0.00","0.00","0.00"
"Jan Bednarek","DF","Poland","26","Aston Villa","1996","1","0","5.0","0.1","0","0","0","0","0","0","0.00","0.00","0.00"
"Jan Vertonghen","DF","Belgium","35","Anderlecht","1987","3","3","270.0","3.0","0","0","0","0","0","0","0.00","0.00","0.00"
"Jason Cummings","FW","Australia","27","Central Coast","1995","1","0","35.0","0.4","0","0","0","0","0","0","0.00","0.00","0.00"
"Jawad El Yamiq","DF","Morocco","30","Valladolid","1992","6","3","309.0","3.4","0","0","0","0","0","0","0.00","0.00","0.00"
"Jean-Charles Castelletto","DF","Cameroon","27","Nantes","1995","2","2","180.0","2.0","1","1","1","0","0","0","0.00","0.50","0.50"
"Jeong Woo-yeong","MF","Korea Republic","23","Freiburg","1999","1","1","45.0","0.5","0","0","0","0","0","0","0.00","0.00","0.00"
"Jeremy Doku","MF","Belgium","20","Rennes","2002","1","0","19.0","0.2","0","0","0","0","0","0","0.00","0.00","0.00"
"Jeremy Sarmiento","MF","Ecuador","20","Brighton","2002","3","0","85.0","0.9","0","0","0","0","0","0","0.00","0.00","0.00"
"Jerome Ngom Mbekeli","MF","Cameroon","24","Colombe Sportive du Dja et Lobo","1998","1","0","5.0","0.1","0","0","0","0","0","0","0.00","0.00","0.00"
"Jesper Lindstr?m","MF","Denmark","22","Eint Frankfurt","2000","3","2","200.0","2.2","0","0","0","0","0","0","0.00","0.00","0.00"
"Jes?s Ferreira","FW","United States","21","FC Dallas","2000","1","1","45.0","0.5","0","0","0","0","0","0","0.00","0.00","0.00"
"Jes?s Gallardo","DF","Mexico","28","Monterrey","1994","3","3","270.0","3.0","0","0","0","0","0","0","0.00","0.00","0.00"
"Jewison Bennette","MF","Costa Rica","18","Sunderland","2004","3","1","103.0","1.1","0","0","0","0","0","0","0.00","0.00","0.00"
"Jhegson M?ndez","MF","Ecuador","25","Los Angeles FC","1997","2","2","180.0","2.0","0","0","0","0","0","2","0.00","0.00","0.00"
"Joachim Andersen","DF","Denmark","26","Crystal Palace","1996","3","3","270.0","3.0","0","1","0","0","0","0","0.00","0.00","0.33"
"Joakim M?hle","DF","Denmark","25","Atalanta","1997","3","3","249.0","2.8","0","0","0","0","0","0","0.00","0.00","0.00"
"Joe Allen","MF","Wales","32","Swansea City","1990","2","1","94.0","1.0","0","0","0","0","0","0","0.00","0.00","0.00"
"Joe Morrell","MF","Wales","25","Portsmouth","1997","2","0","33.0","0.4","0","0","0","0","0","0","0.00","0.00","0.00"
"Joe Rodon","DF","Wales","25","Rennes","1997","3","3","270.0","3.0","0","0","0","0","0","1","0.00","0.00","0.00"
"Joel Campbell","FW","Costa Rica","30","Le?n,1992","3","3","269","3.0","0.0","0","0","0","0","1","0","0.00","0.00",NULL
"Johan Venegas","FW","Costa Rica","34","Liga Deportiva Alajuelense","1988","1","1","73.0","0.8","0","0","0","0","0","0","0.00","0.00","0.00"
"John Stones","DF","England","28","Manchester City","1994","5","5","434.0","4.8","0","0","0","0","0","0","0.00","0.00","0.00"
"Jonas Hofmann","FW","Germany","30","M'Gladbach","1992","2","0","30.0","0.3","0","0","0","0","0","0","0.00","0.00","0.00"
"Jonathan David","FW","Canada","22","Lille","2000","3","2","192.0","2.1","0","0","0","0","0","0","0.00","0.00","0.00"
"Jonathan Osorio","MF","Canada","30","Toronto FC","1992","3","1","119.0","1.3","0","0","0","0","0","1","0.00","0.00","0.00"
"Jordan Ayew","FW","Ghana","31","Crystal Palace","1991","3","2","136.0","1.5","0","1","0","0","0","0","0.00","0.00","0.66"
"Jordan Henderson","MF","England","32","Liverpool","1990","4","3","271.0","3.0","1","0","1","0","0","0","0.00","0.33","0.00"
"Jordan Morris","FW","United States","28","Seattle","1994","2","0","4.0","0.0","0","0","0","0","0","0","0.00","0.00","0.00"
"Jordan Pickford","GK","England","28","Everton","1994","5","5","450.0","5.0","0","0","0","0","0","0","0.00","0.00","0.00"
"Jordan Veretout","MF","France","29","Marseille","1993","1","1","62.0","0.7","0","0","0","0","0","0","0.00","0.00","0.00"
"Jordi Alba","DF","Spain","33","Barcelona","1989","4","3","264.0","2.9","0","2","0","0","0","0","0.00","0.00","0.68"
"Jorge Eduardo S?nchez","DF","Mexico","25","Ajax","1997","2","2","175.0","1.9","0","0","0","0","0","1","0.00","0.00","0.00"
"Josh Sargent","FW","United States","22","Norwich City","2000","3","2","157.0","1.7","0","0","0","0","0","0","0.00","0.00","0.00"
"Joshua Kimmich","MF","Germany","27","Bayern Munich","1995","3","3","270.0","3.0","0","0","0","0","0","1","0.00","0.00","0.00"
"Josip Juranovi?","DF","Croatia","27","Celtic","1995","6","6","600.0","6.7","0","1","0","0","0","0","0.00","0.00","0.15"
"Josip Stani?i?","DF","Croatia","22","Bayern Munich","2000","1","1","90.0","1.0","0","0","0","0","0","0","0.00","0.00","0.00"
"Josip ?utalo","DF","Croatia","22","Dinamo Zagreb","2000","1","1","90.0","1.0","0","0","0","0","0","0","0.00","0.00","0.00"
"Jos? Cifuentes","MF","Ecuador","23","Los Angeles FC","1999","2","0","59.0","0.7","0","0","0","0","0","0","0.00","0.00","0.00"
"Jos? Mar?a Gim?nez","DF","Uruguay","27","Atl?tico Madrid","1995","3","3","270.0","3.0","0","0","0","0","0","1","0.00","0.00","0.00"
"Jo?o Cancelo","DF","Portugal","28","Manchester City","1994","4","3","310.0","3.4","0","0","0","0","0","0","0.00","0.00","0.00"
"Jo?o F?lix","FW","Portugal","23","Atl?tico Madrid","1999","4","4","331.0","3.7","1","2","1","0","0","1","0.00","0.27","0.54"
"Jo?o M?rio","FW","Portugal","29","Benfica","1993","2","1","84.0","0.9","0","0","0","0","0","0","0.00","0.00","0.00"
"Jo?o Palhinha","MF","Portugal","27","Fulham","1995","3","0","38.0","0.4","0","0","0","0","0","0","0.00","0.00","0.00"
"Jo?ko Gvardiol","DF","Croatia","20","RB Leipzig","2002","7","7","690.0","7.7","1","0","1","0","0","0","0.00","0.13","0.00"
"Juan Foyth","DF","Argentina","24","Villarreal","1998","1","0","5.0","0.1","0","0","0","0","0","0","0.00","0.00","0.00"
"Juan Pablo Vargas","DF","Costa Rica","27","Millonarios","1995","1","1","90.0","1.0","1","0","1","0","0","0","0.00","1.00","0.00"
"Jude Bellingham","MF","England","19","Dortmund","2003","5","5","414.0","4.6","1","1","1","0","0","0","0.00","0.22","0.22"
"Jules Kound?,DF","France","24","Barcelona","1998","6","5","480","5.3","0.0","0","0","0","0","1","0","0.00","0.00",NULL
"Juli?n ?lvarez","FW","Argentina","22","Manchester City","2000","7","5","464.0","5.2","4","0","4","0","0","0","0.00","0.78","0.00"
"Jung Woo-young","MF","Korea Republic","33","Al Sadd SC","1989","4","4","303.0","3.4","0","0","0","0","0","2","0.00","0.00","0.00"
"Junior Hoilett","FW","Canada","32","Reading","1990","3","2","161.0","1.8","0","0","0","0","0","1","0.00","0.00","0.00"
"Junya Ito","MF","Japan","29","Reims","1993","4","3","324.0","3.6","0","1","0","0","0","0","0.00","0.00","0.28"
"Jurri?n Timber","DF","Netherlands","21","Ajax","2001","4","4","390.0","4.3","0","0","0","0","0","1","0.00","0.00","0.00"
"Kai Havertz","FW","Germany","23","Chelsea","1999","2","1","102.0","1.1","2","0","2","0","0","0","0.00","1.76","0.00"
"Kalidou Koulibaly","DF","Senegal","31","Chelsea","1991","4","4","360.0","4.0","1","0","1","0","0","1","0.00","0.25","0.00"
"Kalvin Phillips","MF","England","27","Manchester City","1995","2","0","42.0","0.5","0","1","0","0","0","0","0.00","0.00","2.14"
"Kamal Miller","DF","Canada","25","CF Montr?al","1997","3","3","270.0","3.0","0","0","0","0","0","1","0.00","0.00","0.00"
"Kamaldeen Sulemana","FW","Ghana","20","Rennes","2002","2","0","58.0","0.6","0","0","0","0","0","1","0.00","0.00","0.00"
"Kamil Glik","DF","Poland","34","Benevento","1988","4","4","360.0","4.0","0","0","0","0","0","0","0.00","0.00","0.00"
"Kamil Grosicki","MF","Poland","34","Pogo? Szczecin","1988","1","0","4.0","0.0","0","0","0","0","0","0","0.00","0.00","0.00"
"Kaoru Mitoma","MF","Japan","25","Brighton","1997","4","0","165.0","1.8","0","1","0","0","0","0","0.00","0.00","0.55"
"Karim Ansarifard","FW","IR Iran","32","AC Omonia","1990","2","0","35.0","0.4","0","0","0","0","0","0","0.00","0.00","0.00"
"Karim Boudiaf","MF","Qatar","32","Al Duhail SC","1990","3","2","185.0","2.1","0","0","0","0","0","1","0.00","0.00","0.00"
"Karl Toko Ekambi","FW","Cameroon","30","Lyon","1992","3","2","166.0","1.8","0","0","0","0","0","0","0.00","0.00","0.00"
"Karol ?widerski","FW","Poland","25","Charlotte","1997","1","1","45.0","0.5","0","0","0","0","0","0","0.00","0.00","0.00"
"Kasper Dolberg","FW","Denmark","25","Sevilla","1997","3","1","114.0","1.3","0","0","0","0","0","0","0.00","0.00","0.00"
"Kasper Schmeichel","GK","Denmark","36","Nice","1986","3","3","270.0","3.0","0","0","0","0","0","0","0.00","0.00","0.00"
"Keanu Baccus","MF","Australia","24","St Mirren","1998","4","1","114.0","1.3","0","0","0","0","0","0","0.00","0.00","0.00"
"Kellyn Acosta","MF","United States","27","Los Angeles FC","1995","2","0","43.0","0.5","0","0","0","0","0","1","0.00","0.00","0.00"
"Kendall Waston","DF","Costa Rica","34","Deportivo Saprissa","1988","3","2","225.0","2.5","0","0","0","0","0","0","0.00","0.00","0.00"
"Kenneth Taylor","MF","Netherlands","20","Ajax","2002","1","0","5.0","0.1","0","0","0","0","0","0","0.00","0.00","0.00"
"Kevin De Bruyne","FW","Belgium","31","Manchester City","1991","3","3","270.0","3.0","0","0","0","0","0","0","0.00","0.00","0.00"
"Kevin Rodr?guez","FW","Ecuador","22",,"2000","2","0","2.0","0.0","0","0","0","0","0","0","0.00","0.00","0.00"
"Kevin ?lvarez","DF","Mexico","23","Pachuca","1999","2","1","70.0","0.8","0","0","0","0","0","0","0.00","0.00","0.00"
"Keylor Navas","GK","Costa Rica","36","Paris S-G","1986","3","3","270.0","3.0","0","0","0","0","0","0","0.00","0.00","0.00"
"Keysher Fuller","DF","Costa Rica","28","Club Sport Herediano","1994","3","3","253.0","2.8","1","0","1","0","0","0","0.00","0.36","0.00"
"Kieffer Moore","FW","Wales","30","Bournemouth","1992","3","2","225.0","2.5","0","0","0","0","0","0","0.00","0.00","0.00"
"Kieran Trippier","DF","England","32","Newcastle Utd","1990","3","2","206.0","2.3","0","0","0","0","0","0","0.00","0.00","0.00"
"Kim Jin-su","DF","Korea Republic","30","Jeonbuk","1992","4","4","315.0","3.5","0","1","0","0","0","0","0.00","0.00","0.29"
"Kim Min-jae","DF","Korea Republic","26","Napoli","1996","3","3","269.0","3.0","0","0","0","0","0","0","0.00","0.00","0.00"
"Kim Moonhwan","DF","Korea Republic","27","Jeonbuk","1995","4","4","360.0","4.0","0","0","0","0","0","0","0.00","0.00","0.00"
"Kim Seung-gyu","GK","Korea Republic","32","Al-Shabab","1990","4","4","360.0","4.0","0","0","0","0","0","0","0.00","0.00","0.00"
"Kim Young-gwon","DF","Korea Republic","32","Ulsan Hyundai","1990","4","4","350.0","3.9","1","0","1","0","0","1","0.00","0.26","0.00"
"Kingsley Coman","FW","France","26","Bayern Munich","1996","6","1","169.0","1.9","0","0","0","0","0","0","0.00","0.00","0.00"
"Ko Itakura","DF","Japan","25","M'Gladbach","1997","3","3","270.0","3.0","0","1","0","0","0","2","0.00","0.00","0.33"
"Koke","MF","Spain","30","Atl?tico Madrid","1992","2","0","52.0","0.6","0","0","0","0","0","0","0.00","0.00","0.00"
"Kristijan Jaki?","FW","Croatia","25","Eint Frankfurt","1997","1","0","1.0","0.0","0","0","0","0","0","0","0.00","0.00","0.00"
"Krystian Bielik","MF","Poland","24","Derby County","1998","4","2","216.0","2.4","0","0","0","0","0","0","0.00","0.00","0.00"
"Krzysztof Pi?tek","FW","Poland","27","Salernitana","1995","2","0","28.0","0.3","0","0","0","0","0","0","0.00","0.00","0.00"
"Kr?pin Diatta","FW","Senegal","23","Monaco","1999","3","3","181.0","2.0","0","0","0","0","0","0","0.00","0.00","0.00"
"Kudus Mohammed","FW","Ghana","22","Ajax","2000","3","3","247.0","2.7","2","0","2","0","0","1","0.00","0.73","0.00"
"Kwon Chang-hoon","FW","Korea Republic","28","Sangju Sangmu","1994","1","1","56.0","0.6","0","0","0","0","0","0","0.00","0.00","0.00"
"Kwon Kyung-won","DF","Korea Republic","30","Gamba Osaka","1992","2","1","91.0","1.0","0","0","0","0","0","0","0.00","0.00","0.00"
"Kye Rowles","DF","Australia","24","Hearts","1998","4","4","360.0","4.0","0","0","0","0","0","0","0.00","0.00","0.00"
"Kyle Walker","DF","England","32","Manchester City","1990","3","3","236.0","2.6","0","0","0","0","0","0","0.00","0.00","0.00"
"Kylian Mbapp?,FW","France","23","Paris S-G","1998","7","6","598","6.6","8.0","2","6","2","2","0","0","1.20","0.30",NULL
"Lautaro Mart?nez","FW","Argentina","25","Inter","1997","6","2","241.0","2.7","0","0","0","0","0","0","0.00","0.00","0.00"
"Lawrence Ati-Zigi","GK","Ghana","26","St. Gallen","1996","3","3","270.0","3.0","0","0","0","0","0","0","0.00","0.00","0.00"
"Leander Dendoncker","DF","Belgium","27","Aston Villa","1995","2","2","161.0","1.8","0","0","0","0","0","1","0.00","0.00","0.00"
"Leandro Paredes","MF","Argentina","28","Juventus","1994","5","2","225.0","2.5","0","0","0","0","0","2","0.00","0.00","0.00"
"Leandro Trossard","FW","Belgium","28","Brighton","1994","3","1","103.0","1.1","0","0","0","0","0","0","0.00","0.00","0.00"
"Lee Jae-sung","MF","Korea Republic","30","Mainz 05","1992","3","3","211.0","2.3","0","0","0","0","0","0","0.00","0.00","0.00"
"Lee Kangin","MF","Korea Republic","21","Mallorca","2001","4","1","147.0","1.6","0","1","0","0","0","1","0.00","0.00","0.61"
"Leon Goretzka","MF","Germany","27","Bayern Munich","1995","3","2","159.0","1.8","0","0","0","0","0","1","0.00","0.00","0.00"
"Leroy San?,FW","Germany","26","Bayern Munich","1996","2","1","111","1.2","0.0","1","0","0","0","0","0","0.00","0.81",NULL
"Liam Millar","DF","Canada","23","Basel","1999","1","0","10.0","0.1","0","0","0","0","0","0","0.00","0.00","0.00"
"Lionel Messi","FW","Argentina","35","Paris S-G","1987","7","7","690.0","7.7","7","3","3","4","5","1","0.00","0.91","0.39"
"Lisandro Mart?nez","DF","Argentina","24","Manchester Utd","1998","5","2","303.0","3.4","0","0","0","0","0","1","0.00","0.00","0.00"
"Lovro Majer","MF","Croatia","24","Rennes","1998","7","1","130.0","1.4","1","0","1","0","0","0","0.00","0.69","0.00"
"Lo?s Openda","FW","Belgium","22","Lens","2000","1","0","13.0","0.1","0","0","0","0","0","0","0.00","0.00","0.00"
"Lucas Cavallini","FW","Canada","29","Vancouver","1992","1","0","19.0","0.2","0","0","0","0","0","0","0.00","0.00","0.00"
"Lucas Hern?ndez","DF","France","26","Bayern Munich","1996","1","1","12.0","0.1","0","0","0","0","0","0","0.00","0.00","0.00"
"Lucas Paquet?,MF","Brazil","25","West Ham","1997","4","4","314","3.5","1.0","1","1","0","0","0","0","0.29","0.29",NULL
"Luis Ch?vez","MF","Mexico","26","Pachuca","1996","3","3","270.0","3.0","1","0","1","0","0","0","0.00","0.33","0.00"
"Luis Su?rez","FW","Uruguay","35","Nacional","1987","3","2","146.0","1.6","0","1","0","0","0","1","0.00","0.00","0.62"
"Luka Jovi?","FW","Serbia","24","Fiorentina","1997","1","0","36.0","0.4","0","0","0","0","0","1","0.00","0.00","0.00"
"Luka Modri?","MF","Croatia","37","Real Madrid","1985","7","7","653.0","7.3","0","0","0","0","0","1","0.00","0.00","0.00"
"Lukas Klostermann","DF","Germany","26","RB Leipzig","1996","2","0","66.0","0.7","0","0","0","0","0","0","0.00","0.00","0.00"
"Luke Shaw","DF","England","27","Manchester Utd","1995","5","5","424.0","4.7","0","1","0","0","0","0","0.00","0.00","0.21"
"Luuk de Jong","FW","Netherlands","32","PSV Eindhoven","1990","1","0","57.0","0.6","0","0","0","0","0","0","0.00","0.00","0.00"
"Majid Hosseini","DF","IR Iran","26","Kayserispor","1996","3","3","270.0","3.0","0","0","0","0","0","1","0.00","0.00","0.00"
"Manuel Akanji","DF","Switzerland","27","Manchester City","1995","4","4","360.0","4.0","1","0","1","0","0","1","0.00","0.25","0.00"
"Manuel Neuer","GK","Germany","36","Bayern Munich","1986","3","3","270.0","3.0","0","0","0","0","0","0","0.00","0.00","0.00"
"Marcelo Brozovi?","MF","Croatia","30","Inter","1992","6","6","552.0","6.1","0","0","0","0","0","1","0.00","0.00","0.00"
"Marco Asensio","FW","Spain","26","Real Madrid","1996","4","3","229.0","2.5","1","0","1","0","0","0","0.00","0.39","0.00"
"Marcos Acu?a,DF","Argentina","31","Sevilla","1991","6","4","373","4.1","0.0","0","0","0","0","3","0","0.00","0.00",NULL
"Marcos Llorente","DF","Spain","27","Atl?tico Madrid","1995","1","1","120.0","1.3","0","0","0","0","0","0","0.00","0.00","0.00"
"Marcus Rashford","FW","England","25","Manchester Utd","1997","5","1","140.0","1.6","3","0","3","0","0","0","0.00","1.93","0.00"
"Marcus Thuram","FW","France","25","M'Gladbach","1997","5","0","151.0","1.7","0","2","0","0","0","1","0.00","0.00","1.19"
"Mario G?tze","MF","Germany","30","Eint Frankfurt","1992","2","0","36.0","0.4","0","0","0","0","0","0","0.00","0.00","0.00"
"Mario Pa?ali?","FW","Croatia","27","Atalanta","1995","7","2","271.0","3.0","0","0","0","0","0","0","0.00","0.00","0.00"
"Mark-Anthony Kaye","MF","Canada","28","Toronto FC","1994","1","1","59.0","0.7","0","0","0","0","0","0","0.00","0.00","0.00"
"Marko Gruji?","MF","Serbia","26","Porto","1996","1","0","13.0","0.1","0","0","0","0","0","0","0.00","0.00","0.00"
"Marko Livaja","FW","Croatia","29","Hajduk Split","1993","6","3","241.0","2.7","1","1","1","0","0","0","0.00","0.37","0.37"
"Marquinhos","DF","Brazil","28","Paris S-G","1994","5","4","426.0","4.7","0","0","0","0","0","1","0.00","0.00","0.00"
"Marten de Roon","MF","Netherlands","31","Atalanta","1991","5","3","184.0","2.0","0","0","0","0","0","0","0.00","0.00","0.00"
"Martin Braithwaite","FW","Denmark","31","Espanyol","1991","2","1","103.0","1.1","0","0","0","0","0","0","0.00","0.00","0.00"
"Martin Hongla","MF","Cameroon","24","Hellas Verona","1998","2","2","121.0","1.3","0","0","0","0","0","0","0.00","0.00","0.00"
"Martinelli","FW","Brazil","21","Arsenal","2001","3","1","113.0","1.3","0","0","0","0","0","0","0.00","0.00","0.00"
"Mart?n C?ceres","DF","Uruguay","35","LA Galaxy","1987","1","1","90.0","1.0","0","0","0","0","0","1","0.00","0.00","0.00"
"Mason Mount","MF","England","23","Chelsea","1999","4","2","186.0","2.1","0","0","0","0","0","0","0.00","0.00","0.00"
"Mateo Kova?i?","MF","Croatia","28","Chelsea","1994","7","7","635.0","7.1","0","0","0","0","0","2","0.00","0.00","0.00"
"Matheus Nunes","MF","Portugal","24","Wolves","1998","2","1","73.0","0.8","0","0","0","0","0","0","0.00","0.00","0.00"
"Mathew Leckie","MF","Australia","31","Melb City","1991","4","4","333.0","3.7","1","1","1","0","0","0","0.00","0.27","0.27"
"Mathew Ryan","GK","Australia","30","FC Copenhagen","1992","4","4","360.0","4.0","0","0","0","0","0","0","0.00","0.00","0.00"
"Mathias Jensen","MF","Denmark","26","Brentford","1996","2","1","84.0","0.9","0","0","0","0","0","1","0.00","0.00","0.00"
"Math?as Olivera","DF","Uruguay","25","Napoli","1997","3","3","253.0","2.8","0","0","0","0","0","1","0.00","0.00","0.00"
"Matt Turner","GK","United States","28","Arsenal","1994","4","4","360.0","4.0","0","0","0","0","0","0","0.00","0.00","0.00"
"Matthias Ginter","DF","Germany","28","Freiburg","1994","1","0","1.0","0.0","0","0","0","0","0","0","0.00","0.00","0.00"
"Matthijs de Ligt","DF","Netherlands","23","Bayern Munich","1999","2","1","91.0","1.0","0","0","0","0","0","1","0.00","0.00","0.00"
"Matty Cash","DF","Poland","25","Aston Villa","1997","4","4","360.0","4.0","0","0","0","0","0","2","0.00","0.00","0.00"
"Matt?o Guendouzi","FW","France","23","Marseille","1999","1","1","78.0","0.9","0","0","0","0","0","0","0.00","0.00","0.00"
"Mat?as Vecino","MF","Uruguay","31","Lazio","1991","3","2","195.0","2.2","0","0","0","0","0","0","0.00","0.00","0.00"
"Mat?as Vi?a,DF","Uruguay","25","Roma","1997","2","0","17","0.2","0.0","0","0","0","0","0","0","0.00","0.00",NULL
"Maxi G?mez","FW","Uruguay","26","Trabzonspor","1996","2","0","30.0","0.3","0","0","0","0","0","0","0.00","0.00","0.00"
"Maya Yoshida","DF","Japan","34","Schalke 04","1988","4","4","390.0","4.3","0","1","0","0","0","1","0.00","0.00","0.23"
"Mehdi Taremi","FW","IR Iran","30","Porto","1992","3","3","270.0","3.0","2","1","1","1","1","0","0.00","0.67","0.33"
"Mehdi Torabi","MF","IR Iran","28","Persepolis","1994","3","0","62.0","0.7","0","0","0","0","0","0","0.00","0.00","0.00"
"Memphis","FW","Netherlands","28","Barcelona","1994","5","3","297.0","3.3","1","0","1","0","0","1","0.00","0.30","0.00"
"Meshaal Barsham","GK","Qatar","24","Al Sadd SC","1998","2","2","180.0","2.0","0","0","0","0","0","0","0.00","0.00","0.00"
"Michael Estrada","FW","Ecuador","26","Cruz Azul","1996","3","3","225.0","2.5","0","0","0","0","0","0","0.00","0.00","0.00"
"Micha? Sk?ra?","MF","Poland","22","Lech Pozna?","2000","1","0","45.0","0.5","0","0","0","0","0","0","0.00","0.00","0.00"
"Michel Aebischer","MF","Switzerland","25","Bologna","1997","1","0","16.0","0.2","0","0","0","0","0","0","0.00","0.00","0.00"
"Michy Batshuayi","FW","Belgium","29","Fenerbah?e,1993","2","2","151","1.7","1.0","0","1","0","0","0","0","0.60","0.00",NULL
"Miki Yamane","DF","Japan","28","Kawa Frontale","1993","1","1","61.0","0.7","0","0","0","0","0","1","0.00","0.00","0.00"
"Mikkel Damsgaard","MF","Denmark","22","Brentford","2000","3","1","150.0","1.7","0","0","0","0","0","0","0.00","0.00","0.00"
"Milad Mohammadi","DF","IR Iran","29","AEK Athens","1993","3","3","196.0","2.2","0","0","0","0","0","0","0.00","0.00","0.00"
"Milan Borjan","GK","Canada","35","Red Star","1987","3","3","270.0","3.0","0","0","0","0","0","0","0.00","0.00","0.00"
"Milo? Degenek","DF","Australia","28","Columbus Crew","1994","4","2","183.0","2.0","0","0","0","0","0","2","0.00","0.00","0.00"
"Milo? Veljkovi?","DF","Serbia","27","Werder Bremen","1995","3","3","221.0","2.5","0","0","0","0","0","0","0.00","0.00","0.00"
"Mislav Or?i?","FW","Croatia","29","Dinamo Zagreb","1992","6","1","162.0","1.8","1","2","1","0","0","0","0.00","0.56","1.11"
"Mitchell Duke","FW","Australia","31","Fagi Okayama","1991","4","4","270.0","3.0","1","0","1","0","0","1","0.00","0.33","0.00"
"Mohamed Ali Ben Romdhane","MF","Tunisia","23","Esp?rance de Tunis","1999","1","1","73.0","0.8","0","0","0","0","0","0","0.00","0.00","0.00"
"Mohamed Dr?ger","DF","Tunisia","26","Luzern","1996","2","2","132.0","1.5","0","0","0","0","0","0","0.00","0.00","0.00"
"Mohamed Kanno","MF","Saudi Arabia","28","Al-Hilal","1994","3","3","270.0","3.0","0","0","0","0","0","0","0.00","0.00","0.00"
"Mohammed Al-Breik","DF","Saudi Arabia","30","Al-Hilal","1992","2","1","65.0","0.7","0","0","0","0","0","0","0.00","0.00","0.00"
"Mohammed Al-Owais","GK","Saudi Arabia","31","Al-Hilal","1991","3","3","270.0","3.0","0","0","0","0","0","1","0.00","0.00","0.00"
"Mohammed Muntari","FW","Qatar","28","Al Duhail SC","1993","3","0","63.0","0.7","1","0","1","0","0","0","0.00","1.43","0.00"
"Mohammed Salisu","DF","Ghana","23","Southampton","1999","3","3","270.0","3.0","1","0","1","0","0","0","0.00","0.33","0.00"
"Mohammed Waad","MF","Qatar","23","Al Sadd SC","1999","2","0","28.0","0.3","0","0","0","0","0","0","0.00","0.00","0.00"
"Mois?s Caicedo","MF","Ecuador","21","Brighton","2001","3","3","269.0","3.0","1","0","1","0","0","1","0.00","0.33","0.00"
"Montassar Talbi","DF","Tunisia","24","Lorient","1998","3","3","270.0","3.0","0","0","0","0","0","0","0.00","0.00","0.00"
"Morteza Pouraliganji","DF","IR Iran","30","Persepolis","1992","3","3","270.0","3.0","0","0","0","0","0","1","0.00","0.00","0.00"
"Moumi Ngamaleu","FW","Cameroon","28","Dynamo Mosc","1994","2","1","95.0","1.1","0","0","0","0","0","0","0.00","0.00","0.00"
"Munir","GK","Morocco","33","Al-Wehda","1989","1","1","90.0","1.0","0","0","0","0","0","0","0.00","0.00","0.00"
"Musab Kheder","DF","Qatar","29","Al Sadd SC","1993","1","0","6.0","0.1","0","0","0","0","0","0","0.00","0.00","0.00"
"Na Sang-ho","FW","Korea Republic","26","FC Seoul","1996","2","1","119.0","1.3","0","0","0","0","0","0","0.00","0.00","0.00"
"Nader Ghandri","DF","Tunisia","27","Club Africain","1995","1","1","90.0","1.0","0","0","0","0","0","0","0.00","0.00","0.00"
"Nahuel Molina","DF","Argentina","24","Atl?tico Madrid","1998","7","6","567.0","6.3","1","1","1","0","0","0","0.00","0.16","0.16"
"Nampalys Mendy","MF","Senegal","30","Leicester City","1992","4","3","272.0","3.0","0","0","0","0","0","1","0.00","0.00","0.00"
"Nasser Al-Dawsari","FW","Saudi Arabia","23","Al-Hilal","1998","1","0","5.0","0.1","0","0","0","0","0","0","0.00","0.00","0.00"
"Nathan Ak?,DF","Netherlands","27","Manchester City","1995","5","5","479","5.3","0.0","0","0","0","0","1","0","0.00","0.00",NULL
"Nathaniel Atkinson","DF","Australia","23","Hearts","1999","1","1","84.0","0.9","0","0","0","0","0","0","0.00","0.00","0.00"
"Nawaf Al Abed","MF","Saudi Arabia","32","Al-Shabab","1990","2","0","88.0","1.0","0","0","0","0","0","1","0.00","0.00","0.00"
"Nayef Aguerd","DF","Morocco","26","West Ham","1996","4","4","353.0","3.9","0","0","0","0","0","0","0.00","0.00","0.00"
"Na?m Sliti","MF","Tunisia","30","Al-Ettifaq","1992","2","1","114.0","1.3","0","0","0","0","0","0","0.00","0.00","0.00"
"Neco Williams","DF","Wales","21","Nott'ham Forest","2001","3","3","204.0","2.3","0","0","0","0","0","0","0.00","0.00","0.00"
"Nemanja Gudelj","MF","Serbia","31","Sevilla","1991","2","1","92.0","1.0","0","0","0","0","0","2","0.00","0.00","0.00"
"Nemanja Maksimovi?","MF","Serbia","27","Getafe","1995","3","1","122.0","1.4","0","0","0","0","0","0","0.00","0.00","0.00"
"Nemanja Radonji?","DF","Serbia","26","Torino","1996","3","0","60.0","0.7","0","0","0","0","0","0","0.00","0.00","0.00"
"Neymar","MF","Brazil","30","Paris S-G","1992","3","3","279.0","3.1","2","0","1","1","1","0","0.00","0.65","0.00"
"Niclas F?llkrug","FW","Germany","29","Werder Bremen","1993","3","0","69.0","0.8","2","1","2","0","0","0","0.00","2.61","1.30"
"Nico Elvedi","DF","Switzerland","26","M'Gladbach","1996","2","2","180.0","2.0","0","0","0","0","0","1","0.00","0.00","0.00"
"Nico Schlotterbeck","DF","Germany","23","Dortmund","1999","2","1","94.0","1.0","0","0","0","0","0","0","0.00","0.00","0.00"
"Nico Williams","FW","Spain","20","Athletic Club","2002","4","1","146.0","1.6","0","0","0","0","0","0","0.00","0.00","0.00"
"Nicola Zalewski","MF","Poland","20","Roma","2002","2","1","65.0","0.7","0","0","0","0","0","0","0.00","0.00","0.00"
"Nicolas Jackson","FW","Senegal","21","Villarreal","2001","1","0","17.0","0.2","0","0","0","0","0","0","0.00","0.00","0.00"
"Nicolas Nkoulou","DF","Cameroon","32","Aris","1990","2","2","180.0","2.0","0","1","0","0","0","1","0.00","0.00","0.50"
"Nicol?s De La Cruz","MF","Uruguay","25","River Plate","1997","2","0","38.0","0.4","0","0","0","0","0","0","0.00","0.00","0.00"
"Nicol?s Otamendi","DF","Argentina","34","Benfica","1988","7","7","690.0","7.7","0","1","0","0","0","2","0.00","0.00","0.13"
"Nicol?s Tagliafico","DF","Argentina","30","Lyon","1992","6","3","373.0","4.1","0","0","0","0","0","0","0.00","0.00","0.00"
"Niklas S?le","DF","Germany","27","Dortmund","1995","3","3","269.0","3.0","0","0","0","0","0","0","0.00","0.00","0.00"
"Nikola Milenkovi?","DF","Serbia","25","Fiorentina","1997","3","3","270.0","3.0","0","0","0","0","0","2","0.00","0.00","0.00"
"Nikola Vla?i?","FW","Croatia","25","Torino","1997","6","1","209.0","2.3","0","0","0","0","0","0","0.00","0.00","0.00"
"Noa Lang","MF","Netherlands","23","Club Brugge","1999","1","0","8.0","0.1","0","0","0","0","0","1","0.00","0.00","0.00"
"Noah Okafor","FW","Switzerland","22","RB Salzburg","2000","3","0","45.0","0.5","0","0","0","0","0","0","0.00","0.00","0.00"
"Nouhou Tolo","DF","Cameroon","25","Seattle","1997","3","3","270.0","3.0","0","0","0","0","0","1","0.00","0.00","0.00"
"Noussair Mazraoui","DF","Morocco","25","Bayern Munich","1997","5","5","365.0","4.1","0","0","0","0","0","0","0.00","0.00","0.00"
"Nuno Mendes","DF","Portugal","20","Paris S-G","2002","1","1","41.0","0.5","0","0","0","0","0","0","0.00","0.00","0.00"
"N?stor Araujo","DF","Mexico","31","Am?rica","1991","1","1","90.0","1.0","0","0","0","0","0","1","0.00","0.00","0.00"
"Olivier Giroud","FW","France","36","Milan","1986","6","6","419.0","4.7","4","0","4","0","0","1","0.00","0.86","0.00"
"Olivier Ntcham","MF","Cameroon","26","Swansea City","1996","1","0","25.0","0.3","0","0","0","0","0","0","0.00","0.00","0.00"
"Orbel?n Pineda","MF","Mexico","26","AEK Athens","1996","1","1","76.0","0.8","0","0","0","0","0","0","0.00","0.00","0.00"
"Osman Bukari","MF","Ghana","24","Red Star","1998","2","0","59.0","0.7","1","0","1","0","0","0","0.00","1.53","0.00"
"Ot?vio","MF","Portugal","27","Porto","1995","3","3","196.0","2.2","0","0","0","0","0","0","0.00","0.00","0.00"
"Ousmane Demb?l?","FW","France","25","Barcelona","1997","7","6","433.0","4.8","0","2","0","0","0","1","0.00","0.00","0.42"
"Pablo Sarabia","FW","Spain","30","Paris S-G","1992","1","0","3.0","0.0","0","0","0","0","0","0","0.00","0.00","0.00"
"Paik Seung-ho","MF","Korea Republic","25","Jeonbuk","1997","1","0","26.0","0.3","1","0","1","0","0","0","0.00","3.46","0.00"
"Pape Abou Ciss?,DF","Senegal","27","Olympiacos","1995","3","1","105","1.2","0.0","0","0","0","0","0","0","0.00","0.00",NULL
"Pape Gueye","MF","Senegal","23","Marseille","1999","3","1","153.0","1.7","0","0","0","0","0","0","0.00","0.00","0.00"
"Pape Matar Sarr","MF","Senegal","20","Tottenham","2002","2","0","59.0","0.7","0","0","0","0","0","0","0.00","0.00","0.00"
"Papu G?mez","MF","Argentina","34","Sevilla","1988","2","2","107.0","1.2","0","0","0","0","0","0","0.00","0.00","0.00"
"Path? Ciss","MF","Senegal","28","Rayo Vallecano","1994","3","2","146.0","1.6","0","0","0","0","0","1","0.00","0.00","0.00"
"Pau Torres","DF","Spain","25","Villarreal","1997","1","1","90.0","1.0","0","0","0","0","0","0","0.00","0.00","0.00"
"Paulo Dybala","FW","Argentina","29","Roma","1993","2","0","18.0","0.2","0","0","0","0","0","0","0.00","0.00","0.00"
"Pedri","MF","Spain","20","Barcelona","2002","4","4","356.0","4.0","0","0","0","0","0","0","0.00","0.00","0.00"
"Pedro","FW","Brazil","25","Flamengo","1997","2","0","64.0","0.7","0","0","0","0","0","0","0.00","0.00","0.00"
"Pepe","DF","Portugal","39","Porto","1983","4","4","360.0","4.0","1","0","1","0","0","0","0.00","0.25","0.00"
"Pervis Estupi??n,DF","Ecuador","24","Brighton","1998","3","3","270","3.0","0.0","0","0","0","0","0","0","0.00","0.00",NULL
"Phil Foden","FW","England","22","Manchester City","2000","4","3","258.0","2.9","1","2","1","0","0","0","0.00","0.35","0.70"
"Piero Hincapi?,DF","Ecuador","20","Leverkusen","2002","3","3","270","3.0","0.0","0","0","0","0","0","0","0.00","0.00",NULL
"Pierre H?jbjerg","MF","Denmark","27","Tottenham","1995","3","3","270.0","3.0","0","0","0","0","0","0","0.00","0.00","0.00"
"Pierre Kunde","MF","Cameroon","27","Olympiacos","1995","2","2","131.0","1.5","0","0","0","0","0","1","0.00","0.00","0.00"
"Piotr Zieli?ski","MF","Poland","28","Napoli","1994","4","4","328.0","3.6","1","0","1","0","0","0","0.00","0.27","0.00"
"Przemys?aw Frankowski","MF","Poland","27","Lens","1995","4","3","240.0","2.7","0","0","0","0","0","1","0.00","0.00","0.00"
"Rafael Le?o,FW","Portugal","23","Milan","1999","5","0","88","1.0","2.0","0","2","0","0","0","0","2.05","0.00",NULL
"Raheem Sterling","FW","England","28","Chelsea","1994","3","2","149.0","1.7","1","1","1","0","0","0","0.00","0.60","0.60"
"Ramin Rezaeian","DF","IR Iran","32","Sepahan","1990","2","2","180.0","2.0","1","0","1","0","0","1","0.00","0.50","0.00"
"Randal Kolo Muani","FW","France","24","Eint Frankfurt","1998","3","1","182.0","2.0","1","0","1","0","0","0","0.00","0.49","0.00"
"Rapha?l Guerreiro","DF","Portugal","28","Dortmund","1993","4","3","279.0","3.1","1","2","1","0","0","0","0.00","0.32","0.65"
"Rapha?l Varane","DF","France","29","Manchester Utd","1993","6","6","518.0","5.8","0","0","0","0","0","0","0.00","0.00","0.00"
"Raphinha","FW","Brazil","26","Barcelona","1996","5","4","315.0","3.5","0","1","0","0","0","0","0.00","0.00","0.29"
"Rasmus Nissen","DF","Denmark","25","Leeds United","1997","3","3","224.0","2.5","0","0","0","0","0","1","0.00","0.00","0.00"
"Ra?l Jim?nez","FW","Mexico","31","Wolves","1991","3","0","59.0","0.7","0","0","0","0","0","0","0.00","0.00","0.00"
"Remo Freuler","MF","Switzerland","30","Nott'ham Forest","1992","4","4","323.0","3.6","1","0","1","0","0","0","0.00","0.28","0.00"
"Renato Steffen","FW","Switzerland","31","Lugano","1991","1","0","32.0","0.4","0","0","0","0","0","0","0.00","0.00","0.00"
"Ricardo Horta","FW","Portugal","28","Braga","1994","3","1","119.0","1.3","1","0","1","0","0","0","0.00","0.76","0.00"
"Ricardo Rodr?guez","DF","Switzerland","30","Torino","1992","4","4","359.0","4.0","0","0","0","0","0","0","0.00","0.00","0.00"
"Richarlison","FW","Brazil","25","Tottenham","1997","4","4","323.0","3.6","3","0","3","0","0","0","0.00","0.84","0.00"
"Richie Laryea","DF","Canada","27","Toronto FC","1995","3","2","160.0","1.8","0","0","0","0","0","0","0.00","0.00","0.00"
"Riley McGree","FW","Australia","24","Middlesbrough","1998","4","4","265.0","2.9","0","1","0","0","0","0","0.00","0.00","0.34"
"Ritsu Doan","FW","Japan","24","Freiburg","1998","4","2","217.0","2.4","2","0","2","0","0","0","0.00","0.83","0.00"
"Riyadh Sharahili","MF","Saudi Arabia","29","Abha","1993","1","0","54.0","0.6","0","0","0","0","0","0","0.00","0.00","0.00"
"Roan Wilson","MF","Costa Rica","20","Municipal Grecia","2002","1","0","1.0","0.0","0","0","0","0","0","0","0.00","0.00","0.00"
"Robert Lewandowski","FW","Poland","34","Barcelona","1988","4","4","360.0","4.0","2","1","1","1","2","0","0.00","0.50","0.25"
"Robert Skov","DF","Denmark","26","Hoffenheim","1996","1","0","22.0","0.2","0","0","0","0","0","1","0.00","0.00","0.00"
"Roberto Alvarado","FW","Mexico","24","Guadalajara","1998","1","0","18.0","0.2","0","0","0","0","0","1","0.00","0.00","0.00"
"Rodri","DF","Spain","26","Manchester City","1996","4","4","390.0","4.3","0","0","0","0","0","0","0.00","0.00","0.00"
"Rodrigo Bentancur","MF","Uruguay","25","Tottenham","1997","3","3","213.0","2.4","0","0","0","0","0","1","0.00","0.00","0.00"
"Rodrigo De Paul","MF","Argentina","28","Atl?tico Madrid","1994","7","7","599.0","6.7","0","0","0","0","0","0","0.00","0.00","0.00"
"Rodrygo","MF","Brazil","21","Real Madrid","2001","5","1","181.0","2.0","0","1","0","0","0","0","0.00","0.00","0.50"
"Rogelio Funes Mori","FW","Mexico","31","Monterrey","1991","1","0","5.0","0.1","0","0","0","0","0","0","0.00","0.00","0.00"
"Romain Sa?ss","DF","Morocco","32","Be?ikta?","1990","6","6","466.0","5.2","1","0","1","0","0","1","0.00","0.19","0.00"
"Romario Ibarra","MF","Ecuador","28","Pachuca","1994","2","1","68.0","0.8","0","0","0","0","0","0","0.00","0.00","0.00"
"Romelu Lukaku","FW","Belgium","29","Inter","1993","2","0","55.0","0.6","0","0","0","0","0","0","0.00","0.00","0.00"
"Roozbeh Cheshmi","DF","IR Iran","29","Esteghlal","1993","2","1","58.0","0.6","1","0","1","0","0","0","0.00","1.55","0.00"
"Ruben Vargas","FW","Switzerland","24","Augsburg","1998","4","4","285.0","3.2","0","1","0","0","0","1","0.00","0.00","0.32"
"Rubin Colwill","MF","Wales","20","Cardiff City","2002","1","0","10.0","0.1","0","0","0","0","0","0","0.00","0.00","0.00"
"R?-R?","DF","Qatar","32","Al Sadd SC","1990","3","3","262.0","2.9","0","0","0","0","0","0","0.00","0.00","0.00"
"R?nald Matarrita","DF","Costa Rica","28","FC Cincinnati","1994","2","0","26.0","0.3","0","0","0","0","0","0","0.00","0.00","0.00"
"R?ben Dias","DF","Portugal","25","Manchester City","1997","4","4","360.0","4.0","0","0","0","0","0","1","0.00","0.00","0.00"
"R?ben Neves","MF","Portugal","25","Wolves","1997","5","4","268.0","3.0","0","0","0","0","0","1","0.00","0.00","0.00"
"Saad Al Sheeb","GK","Qatar","32","Al Sadd SC","1990","1","1","90.0","1.0","0","0","0","0","0","1","0.00","0.00","0.00"
"Sadegh Moharrami","DF","IR Iran","26","Dinamo Zagreb","1996","1","1","90.0","1.0","0","0","0","0","0","0","0.00","0.00","0.00"
"Saeid Ezatolahi","MF","IR Iran","26","Vejle BK","1996","3","2","217.0","2.4","0","0","0","0","0","0","0.00","0.00","0.00"
"Saleh Al-Shehri","FW","Saudi Arabia","29","Al-Hilal","1993","3","3","223.0","2.5","1","0","1","0","0","1","0.00","0.40","0.00"
"Salem Al-Dawsari","MF","Saudi Arabia","31","Al-Hilal","1991","3","3","270.0","3.0","2","0","2","0","1","1","0.00","0.67","0.00"
"Salis Abdul Samed","MF","Ghana","22","Lens","2000","3","3","250.0","2.8","0","0","0","0","0","0","0.00","0.00","0.00"
"Salman Al-Faraj","MF","Saudi Arabia","33","Al-Hilal","1989","1","1","44.0","0.5","0","0","0","0","0","0","0.00","0.00","0.00"
"Sam Adekugbe","DF","Canada","27","Hatayspor","1995","3","1","95.0","1.1","0","0","0","0","0","1","0.00","0.00","0.00"
"Saman Ghoddos","MF","IR Iran","29","Brentford","1993","1","0","45.0","0.5","0","0","0","0","0","0","0.00","0.00","0.00"
"Sami Al-Najei","MF","Saudi Arabia","25","Al-Nassr","1997","1","1","45.0","0.5","0","0","0","0","0","0","0.00","0.00","0.00"
"Samuel Oum Gouet","MF","Cameroon","25","Mechelen","1997","2","1","100.0","1.1","0","0","0","0","0","0","0.00","0.00","0.00"
"Sardar Azmoun","FW","IR Iran","27","Leverkusen","1995","3","2","126.0","1.4","0","0","0","0","0","0","0.00","0.00","0.00"
"Saud Abdulhamid","DF","Saudi Arabia","23","Al-Hilal","1999","3","3","270.0","3.0","0","0","0","0","0","1","0.00","0.00","0.00"
"Sa?a Luki?","MF","Serbia","26","Torino","1996","3","3","245.0","2.7","0","0","0","0","0","2","0.00","0.00","0.00"
"Sebastian Szyma?ski","MF","Poland","23","Feyenoord","1999","2","2","134.0","1.5","0","0","0","0","0","0","0.00","0.00","0.00"
"Sebasti?n Coates","DF","Uruguay","32","Sporting CP","1990","2","2","180.0","2.0","0","0","0","0","0","1","0.00","0.00","0.00"
"Selim Amallah","MF","Morocco","26","Standard Li?ge","1996","7","4","409.0","4.5","0","0","0","0","0","1","0.00","0.00","0.00"
"Serge Gnabry","FW","Germany","27","Bayern Munich","1995","3","3","263.0","2.9","1","1","1","0","0","0","0.00","0.34","0.34"
"Sergej Milinkovi?-Savi?","MF","Serbia","27","Lazio","1995","3","3","233.0","2.6","1","0","1","0","0","1","0.00","0.39","0.00"
"Sergio Busquets","MF","Spain","34","Barcelona","1988","4","4","363.0","4.0","0","0","0","0","0","1","0.00","0.00","0.00"
"Sergio Rochet","GK","Uruguay","29","Nacional","1993","3","3","270.0","3.0","0","0","0","0","0","0","0.00","0.00","0.00"
"Sergi?o Dest","DF","United States","22","Milan","2000","4","4","305.0","3.4","0","1","0","0","0","1","0.00","0.00","0.30"
"Shaquell Moore","DF","United States","26","Nashville","1996","2","0","22.0","0.2","0","0","0","0","0","0","0.00","0.00","0.00"
"Shogo Taniguchi","DF","Japan","31","Kawa Frontale","1991","2","2","210.0","2.3","0","0","0","0","0","1","0.00","0.00","0.00"
"Sh?ichi Gonda","GK","Japan","33","S-Pulse","1989","4","4","390.0","4.3","0","0","0","0","0","0","0.00","0.00","0.00"
"Silvan Widmer","DF","Switzerland","29","Mainz 05","1993","3","3","265.0","2.9","0","1","0","0","0","1","0.00","0.00","0.34"
"Simon Kj?r,DF","Denmark","33","Milan","1989","1","1","64","0.7","0.0","0","0","0","0","0","0","0.00","0.00",NULL
"Sofiane Boufal","FW","Morocco","29","Angers","1993","7","7","475.0","5.3","0","0","0","0","0","1","0.00","0.00","0.00"
"Sofyan Amrabat","MF","Morocco","26","Fiorentina","1996","7","7","660.0","7.3","0","0","0","0","0","1","0.00","0.00","0.00"
"Son Heung-min","FW","Korea Republic","30","Tottenham","1992","4","4","360.0","4.0","0","1","0","0","0","0","0.00","0.00","0.25"
"Son Jun-ho","MF","Korea Republic","30","Shandong Lunen","1992","3","0","72.0","0.8","0","0","0","0","0","0","0.00","0.00","0.00"
"Sorba Thomas","MF","Wales","23","Huddersfield","1999","1","0","1.0","0.0","0","0","0","0","0","0","0.00","0.00","0.00"
"Sr?an Babi?","DF","Serbia","26","Almer?a,1996","1","0","13","0.1","0.0","0","0","0","0","0","0","0.00","0.00",NULL
"Stefan Mitrovi?","DF","Serbia","32","Getafe","1990","1","0","35.0","0.4","0","0","0","0","0","0","0.00","0.00","0.00"
"Stephen Eust?quio","MF","Canada","25","Porto","1996","2","2","125.0","1.4","0","0","0","0","0","0","0.00","0.00","0.00"
"Steve Mandanda","GK","France","37","Rennes","1985","1","1","90.0","1.0","0","0","0","0","0","0","0.00","0.00","0.00"
"Steven Berghuis","MF","Netherlands","30","Ajax","1991","4","1","200.0","2.2","0","1","0","0","0","1","0.00","0.00","0.45"
"Steven Bergwijn","FW","Netherlands","25","Ajax","1997","4","3","213.0","2.4","0","0","0","0","0","1","0.00","0.00","0.00"
"Steven Vit?ria","DF","Canada","35","Chaves","1987","3","3","270.0","3.0","0","0","0","0","0","1","0.00","0.00","0.00"
"Strahinja Pavlovi?","DF","Serbia","21","RB Salzburg","2001","3","3","235.0","2.6","1","0","1","0","0","2","0.00","0.38","0.00"
"Sultan Al-Ghanam","DF","Saudi Arabia","28","Al-Nassr","1994","3","1","126.0","1.4","0","0","0","0","0","0","0.00","0.00","0.00"
"Taha Yassine Khenissi","FW","Tunisia","30","Kuwait SC","1992","2","0","29.0","0.3","0","0","0","0","0","1","0.00","0.00","0.00"
"Tajon Buchanan","MF","Canada","23","Club Brugge","1999","3","3","260.0","2.9","0","1","0","0","0","1","0.00","0.00","0.35"
"Takefusa Kubo","FW","Japan","21","Real Sociedad","2001","2","2","90.0","1.0","0","0","0","0","0","0","0.00","0.00","0.00"
"Takehiro Tomiyasu","DF","Japan","24","Arsenal","1998","3","1","187.0","2.1","0","0","0","0","0","0","0.00","0.00","0.00"
"Takuma Asano","FW","Japan","28","Bochum","1994","4","0","165.0","1.8","1","0","1","0","0","0","0.00","0.55","0.00"
"Takumi Minamino","FW","Japan","27","Monaco","1995","3","0","60.0","0.7","0","0","0","0","0","0","0.00","0.00","0.00"
"Tarek Salman","DF","Qatar","25","Al Sadd SC","1997","1","0","8.0","0.1","0","0","0","0","0","0","0.00","0.00","0.00"
"Tariq Lamptey","DF","Ghana","22","Brighton","2000","2","1","102.0","1.1","0","0","0","0","0","1","0.00","0.00","0.00"
"Teun Koopmeiners","MF","Netherlands","24","Atalanta","1998","5","1","219.0","2.4","0","1","0","0","0","1","0.00","0.00","0.41"
"Theo Hern?ndez","DF","France","25","Milan","1997","6","5","508.0","5.6","1","2","1","0","0","1","0.00","0.18","0.35"
"Thiago Almada","MF","Argentina","21","Atlanta Utd","2001","1","0","7.0","0.1","0","0","0","0","0","0","0.00","0.00","0.00"
"Thiago Silva","DF","Brazil","38","Chelsea","1984","4","4","390.0","4.3","0","1","0","0","0","0","0.00","0.00","0.23"
"Thibaut Courtois","GK","Belgium","30","Real Madrid","1992","3","3","270.0","3.0","0","0","0","0","0","0","0.00","0.00","0.00"
"Thilo Kehrer","DF","Germany","26","West Ham","1996","1","1","69.0","0.8","0","0","0","0","0","1","0.00","0.00","0.00"
"Thomas Delaney","MF","Denmark","31","Sevilla","1991","1","1","44.0","0.5","0","0","0","0","0","0","0.00","0.00","0.00"
"Thomas Meunier","DF","Belgium","31","Dortmund","1991","3","2","211.0","2.3","0","0","0","0","0","1","0.00","0.00","0.00"
"Thomas M?ller","FW","Germany","33","Bayern Munich","1989","3","3","201.0","2.2","0","0","0","0","0","0","0.00","0.00","0.00"
"Thomas Partey","MF","Ghana","29","Arsenal","1993","3","3","270.0","3.0","0","0","0","0","0","0","0.00","0.00","0.00"
"Thorgan Hazard","FW","Belgium","29","Dortmund","1993","2","1","106.0","1.2","0","0","0","0","0","0","0.00","0.00","0.00"
"Tim Ream","DF","United States","35","Fulham","1987","4","4","360.0","4.0","0","0","0","0","0","1","0.00","0.00","0.00"
"Timothy Castagne","DF","Belgium","27","Leicester City","1995","3","3","270.0","3.0","0","0","0","0","0","0","0.00","0.00","0.00"
"Timothy Weah","FW","United States","22","Lille","2000","4","4","316.0","3.5","1","0","1","0","0","0","0.00","0.28","0.00"
"Toby Alderweireld","DF","Belgium","33","Antwerp","1989","3","3","270.0","3.0","0","1","0","0","0","0","0.00","0.00","0.33"
"Trent Alexander-Arnold","DF","England","24","Liverpool","1998","1","0","34.0","0.4","0","0","0","0","0","0","0.00","0.00","0.00"
"Tyler Adams","MF","United States","23","Leeds United","1999","4","4","360.0","4.0","0","0","0","0","0","1","0.00","0.00","0.00"
"Unai Sim?n,GK","Spain","25","Athletic Club","1997","4","4","390","4.3","0.0","0","0","0","0","0","0","0.00","0.00",NULL
"Uriel Antuna","FW","Mexico","25","Cruz Azul","1997","3","0","77.0","0.9","0","0","0","0","0","0","0.00","0.00","0.00"
"Vanja Milinkovi?-Savi?","GK","Serbia","25","Torino","1997","3","3","270.0","3.0","0","0","0","0","0","0","0.00","0.00","0.00"
"Victor Nelsson","DF","Denmark","24","Galatasaray","1998","1","1","90.0","1.0","0","0","0","0","0","0","0.00","0.00","0.00"
"Vincent Aboubakar","FW","Cameroon","30","Al-Nassr","1992","3","1","142.0","1.6","2","1","2","0","0","2","1.00","1.27","0.63"
"Vincent Janssen","FW","Netherlands","28","Antwerp","1994","2","1","86.0","1.0","0","0","0","0","0","0","0.00","0.00","0.00"
"Vinicius J?nior","FW","Brazil","22","Real Madrid","2000","4","4","299.0","3.3","1","2","1","0","0","0","0.00","0.30","0.60"
"Virgil van Dijk","DF","Netherlands","31","Liverpool","1991","5","5","480.0","5.3","0","0","0","0","0","0","0.00","0.00","0.00"
"Vitinha","MF","Portugal","22","Paris S-G","2000","3","1","120.0","1.3","0","0","0","0","0","1","0.00","0.00","0.00"
"Wahbi Khazri","FW","Tunisia","31","Montpellier","1991","2","1","83.0","0.9","1","0","1","0","0","0","0.00","1.08","0.00"
"Wajdi Kechrida","DF","Tunisia","27","Atromitos","1995","3","1","111.0","1.2","0","0","0","0","0","1","0.00","0.00","0.00"
"Walid Cheddira","FW","Morocco","24","Bari","1998","2","0","64.0","0.7","0","0","0","0","0","2","1.00","0.00","0.00"
"Walker Zimmerman","DF","United States","29","Nashville","1993","4","3","279.0","3.1","0","0","0","0","0","0","0.00","0.00","0.00"
"Wataru Endo","MF","Japan","29","Stuttgart","1993","4","3","304.0","3.4","0","0","0","0","0","1","0.00","0.00","0.00"
"Wayne Hennessey","GK","Wales","35","Nott'ham Forest","1987","2","2","175.0","1.9","0","0","0","0","0","0","1.00","0.00","0.00"
"Weston McKennie","MF","United States","24","Juventus","1998","4","4","271.0","3.0","0","0","0","0","0","1","0.00","0.00","0.00"
"William Carvalho","MF","Portugal","30","Betis","1992","4","2","215.0","2.4","0","0","0","0","0","0","0.00","0.00","0.00"
"William Saliba","DF","France","21","Arsenal","2001","1","0","28.0","0.3","0","0","0","0","0","0","0.00","0.00","0.00"
"Wojciech Szcz?sny","GK","Poland","32","Juventus","1990","4","4","360.0","4.0","0","0","0","0","0","0","0.00","0.00","0.00"
"Wout Weghorst","FW","Netherlands","30","Be?ikta?","1992","4","0","64.0","0.7","2","0","2","0","0","1","0.00","2.81","0.00"
"W?verton","GK","Brazil","35","Palmeiras","1987","1","0","11.0","0.1","0","0","0","0","0","0","0.00","0.00","0.00"
"Xavi Simons","FW","Netherlands","19","PSV Eindhoven","2003","1","0","9.0","0.1","0","0","0","0","0","0","0.00","0.00","0.00"
"Xherdan Shaqiri","FW","Switzerland","31","Chicago Fire","1991","3","3","229.0","2.5","1","1","1","0","0","0","0.00","0.39","0.39"
"Yahya Attiat Allah","DF","Morocco","27","Wydad Casablanca","1995","6","2","318.0","3.5","0","1","0","0","0","0","0.00","0.00","0.28"
"Yahya Jabrane","MF","Morocco","31","Wydad Casablanca","1991","2","0","15.0","0.2","0","0","0","0","0","0","0.00","0.00","0.00"
"Yann Sommer","GK","Switzerland","34","M'Gladbach","1988","3","3","270.0","3.0","0","0","0","0","0","0","0.00","0.00","0.00"
"Yannick Carrasco","FW","Belgium","29","Atl?tico Madrid","1993","2","2","116.0","1.3","0","0","0","0","0","1","0.00","0.00","0.00"
"Yasser Al-Shahrani","DF","Saudi Arabia","30","Al-Hilal","1992","1","1","89.0","1.0","0","0","0","0","0","0","0.00","0.00","0.00"
"Yassine Bounou","GK","Morocco","31","Sevilla","1991","6","6","570.0","6.3","0","0","0","0","0","0","0.00","0.00","0.00"
"Yassine Meriah","DF","Tunisia","29","Esp?rance de Tunis","1993","3","3","270.0","3.0","0","0","0","0","0","0","0.00","0.00","0.00"
"Yeltsin Tejeda","MF","Costa Rica","30","Club Sport Herediano","1992","3","3","269.0","3.0","1","1","1","0","0","0","0.00","0.33","0.33"
"Youri Tielemans","MF","Belgium","25","Leicester City","1997","3","1","95.0","1.1","0","0","0","0","0","0","0.00","0.00","0.00"
"Youssef En-Nesyri","FW","Morocco","25","Sevilla","1997","7","7","542.0","6.0","2","0","2","0","0","0","0.00","0.33","0.00"
"Youssef Msakni","MF","Tunisia","32","Al-Arabi SC","1990","2","2","169.0","1.9","0","0","0","0","0","0","0.00","0.00","0.00"
"Youssouf Fofana","MF","France","23","Monaco","1999","6","2","227.0","2.5","0","0","0","0","0","0","0.00","0.00","0.00"
"Youssouf Sabaly","DF","Senegal","29","Betis","1993","4","4","360.0","4.0","0","0","0","0","0","0","0.00","0.00","0.00"
"Youssoufa Moukoko","FW","Germany","18","Dortmund","2004","1","0","1.0","0.0","0","0","0","0","0","0","0.00","0.00","0.00"
"Youstin Salas","DF","Costa Rica","26","Deportivo Saprissa","1996","2","0","47.0","0.5","0","0","0","0","0","0","0.00","0.00","0.00"
"Yuki Soma","FW","Japan","25","Grampus","1997","1","1","81.0","0.9","0","0","0","0","0","0","0.00","0.00","0.00"
"Yunus Musah","MF","United States","20","Valencia","2002","4","4","343.0","3.8","0","0","0","0","0","0","0.00","0.00","0.00"
"Yuto Nagatomo","MF","Japan","36","FC Tokyo","1986","4","4","209.0","2.3","0","0","0","0","0","0","0.00","0.00","0.00"
"Zakaria Aboukhlal","FW","Morocco","22","Toulouse","2000","4","0","79.0","0.9","1","0","1","0","0","0","0.00","1.14","0.00"
"?lvaro Morata","FW","Spain","30","Atl?tico Madrid","1992","4","1","185.0","2.1","3","1","3","0","0","0","0.00","1.46","0.49"
"?lvaro Zamora","MF","Costa Rica","20","Deportivo Saprissa","2002","1","0","30.0","0.3","0","0","0","0","0","0","0.00","0.00","0.00"
"?ngel Correa","MF","Argentina","27","Atl?tico Madrid","1995","1","0","5.0","0.1","0","0","0","0","0","0","0.00","0.00","0.00"
"?ngel Di Mar?a,MF","Argentina","34","Juventus","1988","5","4","288","3.2","1.0","1","1","0","0","0","0","0.31","0.31",NULL
"?ngelo Preciado","DF","Ecuador","24","Genk","1998","3","3","264.0","2.9","0","1","0","0","0","0","0.00","0.00","0.34"
"?der Milit?o,DF","Brazil","24","Real Madrid","1998","4","4","347","3.9","0.0","0","0","0","0","1","0","0.00","0.00",NULL
"?scar Duarte","DF","Costa Rica","33","Al-Wehda","1989","3","3","270.0","3.0","0","0","0","0","0","1","0.00","0.00","0.00"
"?lkay G?ndo?an","MF","Germany","32","Manchester City","1990","3","3","189.0","2.1","1","0","0","1","1","0","0.00","0.48","0.00"
