"player","position","team","age","birth_year","minutes_90s","goals","shots","shots_on_target","average_shot_distance","shots_free_kicks","pens_made"
"Aaron Mooy","MF","Australia","32","1990.0","4.0","0","1","0","29.","0","0"
"Aaron Ramsey","MF","Wales","31","1990.0","3.0","0","1","0","18","0","0"
"Abdelhamid Sabiri","MF","Morocco","26","1996.0","2.0","0","3","0","34.","1","0"
"Abdelkarim Hassan","DF","Qatar","29","1993.0","3.0","0","6","0","23.","0","0"
"Abderrazak Hamdallah","FW","Morocco","32","1990.0","0.8","0","2","1","7.8","0","0"
"Abdessamad Ezzalzouli","FW","Morocco","21","2001.0","1.0","0","1","0","13.","0","0"
"Abdou Diallo","DF","Senegal","26","1996.0","3.7","0","1","0","15.","0","0"
"Abdul Fatawu Issahaku","FW","Ghana","18","2004.0","0.0","0","0","0",,"0","0"
"Abdulaziz Hatem","MF","Qatar","32","1990.0","2.2","0","1","1","27.","0","0"
"Abdulelah Al-Amri","DF","Saudi Arabia","25","1997.0","2.0","0","1","0","10.","0","0"
"Abdulellah Al-Malki","MF","Saudi Arabia","28","1994.0","1.9","0","2","0","21.","0","0"
"Abdullah Madu","DF","Saudi Arabia","29","1993.0","0.5","0","0","0",,"0","0"
"Abdulrahman Al-Aboud","MF","Saudi Arabia","27","1995.0","0.4","0","1","0","4.6","0","0"
"Abolfazl Jalali","DF","IR Iran","24","1998.0","0.2","0","0","0",,"0","0"
"Achraf Dari","DF","Morocco","23","1999.0","2.1","1","1","1","4.1","0","0"
"Achraf Hakimi","DF","Morocco","24","1998.0","7.0","0","4","1","26.","1","0"
"Adrien Rabiot","MF","France","27","1995.0","5.4","1","9","4","13.","0","0"
"Agust?n Canobbio","MF","Uruguay","24","1998.0","0.1","0","0","0",,"0","0"
"Ahmad Nourollahi","MF","IR Iran","29","1993.0","2.5","0","5","1","29.","0","0"
"Ahmed Alaaeldin","FW","Qatar","29","1993.0","0.1","0","0","0",,"0","0"
"Aimen Dahmen","GK","Tunisia","25","1997.0","3.0","0","0","0",,"0","0"
"Ajdin Hrustic","MF","Australia","26","1996.0","0.7","0","1","0","22.","0","0"
"Akram Afif","FW","Qatar","26","1996.0","3.0","0","2","0","29.","0","0"
"Alan Franco","MF","Ecuador","24","1998.0","0.5","0","0","0",,"0","0"
"Alejandro Balde","DF","Spain","19","2003.0","1.4","0","1","0","11.","0","0"
"Aleksandar Mitrovi?","FW","Serbia","28","1994.0","2.9","2","10","3","14.","0","0"
"Alex Sandro","DF","Brazil","31","1991.0","2.1","0","1","0","33.","0","0"
"Alex Telles","DF","Brazil","30","1992.0","0.7","0","0","0",,"0","0"
"Alexander Bah","DF","Denmark","25","1997.0","0.5","0","2","0","19.","0","0"
"Alexander Djiku","DF","Ghana","28","1994.0","1.1","0","0","0",,"0","0"
"Alexis Mac Allister","MF","Argentina","23","1998.0","6.1","1","7","4","19.","0","0"
"Alexis Vega","FW","Mexico","25","1997.0","2.1","0","9","2","21","1","0"
"Ali Abdi","DF","Tunisia","28","1993.0","2.1","0","0","0",,"0","0"
"Ali Al Hassan","MF","Saudi Arabia","25","1997.0","0.5","0","1","0","10.","0","0"
"Ali Al-Bulaihi","DF","Saudi Arabia","33","1989.0","2.4","0","0","0",,"0","0"
"Ali Assadalla","MF","Qatar","29","1993.0","0.3","0","0","0",,"0","0"
"Ali Gholizadeh","MF","IR Iran","26","1996.0","2.2","0","1","0","26.","0","0"
"Ali Karimi","MF","IR Iran","28","1994.0","1.1","0","0","0",,"0","0"
"Ali Ma?loul","DF","Tunisia","32","1990.0","1.0","0","0","0",,"0","0"
"Alidu Seidu","DF","Ghana","22","2000.0","1.7","0","1","0","31.","0","0"
"Alireza Beiranvand","GK","IR Iran","30","1992.0","1.2","0","0","0",,"0","0"
"Alireza Jahanbakhsh","MF","IR Iran","29","1993.0","0.7","0","3","0","22.","0","0"
"Alisson","GK","Brazil","30","1992.0","4.2","0","0","0",,"0","0"
"Alistair Johnston","DF","Canada","24","1998.0","3.0","0","2","1","8.5","0","0"
"Almoez Ali","FW","Qatar","26","1996.0","2.5","0","3","1","16.","0","0"
"Alphonso Davies","MF","Canada","22","2000.0","3.0","1","3","1","21","1","0"
"Amadou Onana","MF","Belgium","21","2001.0","1.2","0","2","0","8.3","0","0"
"Anass Zaroury","FW","Morocco","22","2000.0","0.3","0","0","0",,"0","0"
"Andre-Frank Zambo Anguissa","MF","Cameroon","27","1995.0","2.9","0","1","1","11.","0","0"
"Andreas Christensen","DF","Denmark","26","1996.0","3.0","1","2","1","5.9","0","0"
"Andreas Cornelius","FW","Denmark","29","1993.0","1.0","0","5","2","10.","0","0"
"Andreas Skov Olsen","FW","Denmark","22","1999.0","1.5","0","4","1","14.","0","0"
"Andrej Kramari?","FW","Croatia","31","1991.0","5.3","2","10","4","15.","0","0"
"Andries Noppert","GK","Netherlands","28","1994.0","5.3","0","0","0",,"0","0"
"Andrija ?ivkovi?","DF","Serbia","26","1996.0","2.3","0","1","0","24.","0","0"
"Andr? Ayew","MF","Ghana","33","1989.0","2.2","1","1","1","17.","0","0"
"Andr? Onana","GK","Cameroon","26","1996.0","0.9","0","0","0",,"0","0"
"Andr? Silva","FW","Portugal","27","1995.0","0.3","0","0","0",,"0","0"
"Andr?s Guardado","MF","Mexico","36","1986.0","0.5","0","0","0",,"0","0"
"Anis Ben Slimane","MF","Tunisia","21","2001.0","1.6","0","1","1","9.6","0","0"
"Ansu Fati","FW","Spain","20","2002.0","0.5","0","0","0",,"0","0"
"Ante Budimir","FW","Croatia","31","1991.0","0.6","0","1","0","10.","0","0"
"Anthony Contreras","FW","Costa Rica","22","2000.0","1.4","0","0","0",,"0","0"
"Antoine Griezmann","MF","France","31","1991.0","6.0","0","6","2","17.","1","0"
"Antoine Semenyo","FW","Ghana","22","2000.0","0.2","0","1","0","13.","0","0"
"Antonee Robinson","DF","United States","25","1997.0","4.0","0","0","0",,"0","0"
"Antonio R?diger","DF","Germany","29","1993.0","3.0","0","6","1","17.","0","0"
"Antony","FW","Brazil","22","2000.0","1.9","0","6","2","22.","0","0"
"Ant?nio Silva","DF","Portugal","19","2003.0","1.0","0","0","0",,"0","0"
"Ao Tanaka","MF","Japan","24","1998.0","1.9","1","1","1","1.5","0","0"
"Ardon Jasari","FW","Switzerland","20","2002.0","0.0","0","0","0",,"0","0"
"Arkadiusz Milik","FW","Poland","28","1994.0","1.1","0","1","0","9","0","0"
"Artur J?drzejczyk","DF","Poland","35","1987.0","0.2","0","0","0",,"0","0"
"Asiri Haitham","FW","Saudi Arabia","21","2001.0","0.0","0","0","0",,"0","0"
"Assim Madibo","MF","Qatar","26","1996.0","1.7","0","0","0",,"0","0"
"Atiba Hutchinson","MF","Canada","39","1983.0","1.8","0","2","0","16.","0","0"
"Aur?lien Tchouam?ni","MF","France","22","2000.0","6.9","1","6","2","23.","0","0"
"Awer Mabil","MF","Australia","27","1995.0","0.3","0","0","0",,"0","0"
"Axel Disasi","DF","France","24","1998.0","1.0","0","1","0","9.6","0","0"
"Axel Witsel","MF","Belgium","33","1989.0","3.0","0","1","0","32.","0","0"
"Ayase Ueda","FW","Japan","24","1998.0","0.5","0","0","0",,"0","0"
"Aymeric Laporte","DF","Spain","28","1994.0","3.3","0","1","0","13.","0","0"
"Aziz Behich","DF","Australia","32","1990.0","4.0","0","2","0","16.","0","0"
"Azzedine Ounahi","MF","Morocco","22","2000.0","6.3","0","6","1","23.","0","0"
"A?ssa La?douni","MF","Tunisia","26","1996.0","2.7","0","2","0","9.8","0","0"
"Baba Rahman","DF","Ghana","28","1994.0","2.0","0","0","0",,"0","0"
"Badr Banoun","DF","Morocco","29","1993.0","0.6","0","0","0",,"0","0"
"Bailey Wright","DF","Australia","30","1992.0","0.2","0","0","0",,"0","0"
"Bamba Dieng","FW","Senegal","22","2000.0","1.1","1","4","1","16.","1","0"
"Bartosz Bereszy?ski","DF","Poland","30","1992.0","3.8","0","0","0",,"0","0"
"Bassam Al-Rawi","DF","Qatar","25","1997.0","1.0","0","0","0",,"0","0"
"Ben Davies","DF","Wales","29","1993.0","2.6","0","3","2","12.","0","0"
"Benjamin Pavard","DF","France","26","1996.0","1.0","0","0","0",,"0","0"
"Bernardo Silva","MF","Portugal","28","1994.0","4.0","0","1","0","10.","0","0"
"Bilal El Khannous","MF","Morocco","18","2004.0","0.6","0","0","0",,"0","0"
"Borna Bari?i?","DF","Croatia","30","1992.0","1.3","0","1","0","24.","0","0"
"Borna Sosa","DF","Croatia","24","1998.0","4.7","0","2","0","28.","0","0"
"Boualem Khoukhi","DF","Qatar","32","1990.0","3.0","0","0","0",,"0","0"
"Boulaye Dia","FW","Senegal","26","1996.0","3.5","1","8","3","14.","0","0"
"Brandon Aguilera","MF","Costa Rica","19","2003.0","1.0","0","0","0",,"0","0"
"Breel Embolo","FW","Switzerland","25","1997.0","3.6","2","6","3","10.","0","0"
"Brenden Aaronson","MF","United States","22","2000.0","1.2","0","1","0","4.9","0","0"
"Brennan Johnson","FW","Wales","21","2001.0","1.0","0","3","1","14.","0","0"
"Bruno Fernandes","FW","Portugal","28","1994.0","4.0","2","7","2","24.","0","1"
"Bruno Guimar?es","MF","Brazil","25","1997.0","0.8","0","5","2","12.","0","0"
"Bruno Petkovi?","FW","Croatia","28","1994.0","2.6","1","1","1","16.","0","0"
"Bryan Mbeumo","FW","Cameroon","23","1999.0","2.6","0","2","2","11.","0","0"
"Bryan Oviedo","DF","Costa Rica","32","1990.0","2.9","0","0","0",,"0","0"
"Bryan Ruiz","MF","Costa Rica","37","1985.0","0.3","0","0","0",,"0","0"
"Bukayo Saka","FW","England","21","2001.0","3.2","3","7","5","14.","0","0"
"Callum Wilson","FW","England","30","1992.0","0.5","0","0","0",,"0","0"
"Cameron Carter-Vickers","DF","United States","24","1997.0","1.0","0","0","0",,"0","0"
"Carlos Gruezo","MF","Ecuador","27","1995.0","0.5","0","0","0",,"0","0"
"Carlos Mart?nez","DF","Costa Rica","23","1999.0","0.5","0","0","0",,"0","0"
"Carlos Soler","MF","Spain","25","1997.0","1.0","1","4","1","17.","1","0"
"Casemiro","MF","Brazil","30","1992.0","4.3","1","9","3","26","1","0"
"Celso Borges","MF","Costa Rica","34","1988.0","2.8","0","0","0",,"0","0"
"Charles De Ketelaere","FW","Belgium","21","2001.0","0.2","0","0","0",,"0","0"
"Charly Rodr?guez","MF","Mexico","25","1997.0","0.4","0","0","0",,"0","0"
"Cheikhou Kouyat?,MF","Senegal","32","1989","0.8","0.0","0","0",,"0","0",NULL
"Cho Guesung","FW","Korea Republic","24","1998.0","3.1","2","9","5","11.","0","0"
"Cho Yumin","FW","Korea Republic","26","1996.0","0.0","0","0","0",,"0","0"
"Chris Mepham","DF","Wales","25","1997.0","3.0","0","0","0",,"0","0"
"Christian Bassogog","MF","Cameroon","27","1995.0","0.3","0","0","0",,"0","0"
"Christian Eriksen","MF","Denmark","30","1992.0","3.0","0","4","1","27.","0","0"
"Christian Fassnacht","FW","Switzerland","29","1993.0","0.1","0","1","1","14.","0","0"
"Christian N?rgaard","MF","Denmark","28","1994.0","0.1","0","0","0",,"0","0"
"Christian Pulisic","FW","United States","24","1998.0","3.5","1","9","5","17.","0","0"
"Christopher Wooh","DF","Cameroon","21","2001.0","1.0","0","1","0","15.","0","0"
"Cody Gakpo","FW","Netherlands","23","1999.0","5.0","3","5","3","19.","0","0"
"Collins Fai","DF","Cameroon","30","1992.0","3.0","0","1","0","27.","0","0"
"Connor Roberts","DF","Wales","27","1995.0","2.2","0","0","0",,"0","0"
"Craig Goodwin","MF","Australia","31","1991.0","2.6","1","2","1","16.","0","0"
"Cristian Romero","DF","Argentina","24","1998.0","6.1","0","0","0",,"0","0"
"Cristiano Ronaldo","FW","Portugal","37","1985.0","3.2","1","10","2","21","2","1"
"Cyle Larin","FW","Canada","27","1995.0","1.5","0","3","1","11.","0","0"
"C?sar Azpilicueta","DF","Spain","33","1989.0","1.5","0","0","0",,"0","0"
"C?sar Montes","DF","Mexico","25","1997.0","3.0","0","1","0","13","0","0"
"Daichi Kamada","FW","Japan","26","1996.0","3.6","0","6","1","17.","1","0"
"Daizen Maeda","FW","Japan","25","1997.0","2.0","1","2","1","9.5","0","0"
"Daley Blind","DF","Netherlands","32","1990.0","4.7","1","5","2","12.","0","0"
"Damian Szyma?ski","MF","Poland","27","1995.0","0.3","0","0","0",,"0","0"
"Dani Alves","DF","Brazil","39","1983.0","1.3","0","3","0","21.","1","0"
"Dani Carvajal","DF","Spain","30","1992.0","1.5","0","0","0",,"0","0"
"Dani Olmo","FW","Spain","24","1998.0","4.1","1","12","6","21.","0","0"
"Daniel Amartey","DF","Ghana","27","1994.0","2.8","0","1","0","5.7","0","0"
"Daniel Chac?n,MF","Costa Rica","21","2001","0.0","0.0","0","0",,"0","0",NULL
"Daniel James","FW","Wales","25","1997.0","1.7","0","0","0",,"0","0"
"Daniel Kyereh","MF","Ghana","26","1996.0","0.4","0","0","0",,"0","0"
"Danilo","DF","Brazil","31","1991.0","3.1","0","2","0","27.","0","0"
"Danilo Pereira","DF","Portugal","31","1991.0","1.0","0","0","0",,"0","0"
"Danny Ward","GK","Wales","29","1993.0","1.0","0","0","0",,"0","0"
"Darko Lazovi?","DF","Serbia","32","1990.0","0.3","0","1","0","27.","0","0"
"Darwin N??ez,FW","Uruguay","23","1999","2.7","0.0","3","1","22.","0","0",NULL
"David Raum","DF","Germany","24","1998.0","2.7","0","0","0",,"0","0"
"David Wotherspoon","MF","Canada","32","1990.0","0.2","0","0","0",,"0","0"
"Davy Klaassen","MF","Netherlands","29","1993.0","2.1","1","2","1","9.9","0","0"
"Dayot Upamecano","DF","France","24","1998.0","5.3","0","1","0","9.7","0","0"
"DeAndre Yedlin","DF","United States","29","1993.0","0.4","0","0","0",,"0","0"
"Declan Rice","MF","England","23","1999.0","4.6","0","0","0",,"0","0"
"Dejan Lovren","DF","Croatia","33","1989.0","6.7","0","4","0","14.","0","0"
"Denis Odoi","DF","Ghana","34","1988.0","0.1","0","0","0",,"0","0"
"Denis Zakaria","MF","Switzerland","26","1996.0","0.7","0","1","0","25.","0","0"
"Denzel Dumfries","DF","Netherlands","26","1996.0","5.3","1","1","1","8.7","0","0"
"Devis Epassy","GK","Cameroon","29","1993.0","2.0","0","0","0",,"0","0"
"Diego God?n,DF","Uruguay","36","1986","1.7","0.0","1","0","10.","0","0",NULL
"Diogo Costa","GK","Portugal","23","1999.0","5.0","0","0","0",,"0","0"
"Diogo Dalot","DF","Portugal","23","1999.0","2.9","0","1","1","29.","0","0"
"Djibril Sow","MF","Switzerland","25","1997.0","2.9","0","2","0","15.","0","0"
"Djorkaeff Reasco","FW","Ecuador","23","1999.0","0.3","0","0","0",,"0","0"
"Dominik Livakovi?","GK","Croatia","27","1995.0","7.7","0","0","0",,"0","0"
"Dries Mertens","MF","Belgium","35","1987.0","0.8","0","3","1","14.","0","0"
"Du?an Tadi?","MF","Serbia","34","1988.0","2.9","0","1","0","13.","0","0"
"Du?an Vlahovi?","FW","Serbia","22","2000.0","0.9","1","3","3","10.","0","0"
"Dylan Bronn","DF","Tunisia","27","1995.0","1.8","0","1","0","17.","0","0"
"Eden Hazard","MF","Belgium","31","1991.0","1.4","0","1","1","18.","0","0"
"Ederson","GK","Brazil","29","1993.0","1.0","0","0","0",,"0","0"
"Edimilson Fernandes","FW","Switzerland","26","1996.0","1.6","0","1","0","24.","0","0"
"Edinson Cavani","FW","Uruguay","35","1987.0","1.4","0","3","0","13.","0","0"
"Edouard Mendy","GK","Senegal","30","1992.0","4.0","0","0","0",,"0","0"
"Edson ?lvarez","MF","Mexico","25","1997.0","1.9","0","1","1","33.","0","0"
"Eduardo Camavinga","DF","France","20","2002.0","1.6","0","0","0",,"0","0"
"Ehsan Hajsafi","MF","IR Iran","32","1990.0","2.6","0","1","0","14.","0","0"
"Ellyes Skhiri","MF","Tunisia","27","1995.0","3.0","0","2","0","22.","0","0"
"Emiliano Mart?nez","GK","Argentina","30","1992.0","7.7","0","0","0",,"0","0"
"Enner Valencia","FW","Ecuador","33","1989.0","2.8","3","8","3","18.","1","1"
"Enzo Ebosse","DF","Cameroon","23","1999.0","1.0","0","0","0",,"0","0"
"Enzo Fern?ndez","MF","Argentina","21","2001.0","6.3","1","8","3","24.","0","0"
"Eray C?mert","DF","Switzerland","24","1998.0","0.5","0","0","0",,"0","0"
"Eric Dier","DF","England","28","1994.0","0.4","0","0","0",,"0","0"
"Eric Maxim Choupo-Moting","FW","Cameroon","33","1989.0","2.8","1","3","2","9.1","0","0"
"Erick Guti?rrez","MF","Mexico","27","1995.0","0.5","0","0","0",,"0","0"
"Ethan Ampadu","MF","Wales","22","2000.0","2.8","0","1","0","32.","0","0"
"Everton Ribeiro","MF","Brazil","33","1989.0","0.4","0","0","0",,"0","0"
"Exequiel Palacios","MF","Argentina","24","1998.0","0.6","0","1","0","16.","0","0"
"Fabian Frei","MF","Switzerland","33","1989.0","0.3","0","0","0",,"0","0"
"Fabian Rieder","FW","Switzerland","20","2002.0","0.8","0","0","0",,"0","0"
"Fabian Sch?r,DF","Switzerland","30","1991","1.5","0.0","2","0","16.","0","0",NULL
"Fabinho","MF","Brazil","29","1993.0","1.0","0","0","0",,"0","0"
"Facundo Pellistri","MF","Uruguay","20","2001.0","2.0","0","1","0","11.","0","0"
"Famara Diedhiou","FW","Senegal","30","1992.0","1.0","1","3","1","9.1","0","0"
"Federico Valverde","MF","Uruguay","24","1998.0","3.0","0","7","1","33","0","0"
"Ferjani Sassi","MF","Tunisia","30","1992.0","0.5","0","1","0","33.","0","0"
"Ferr?n Torres","FW","Spain","22","2000.0","2.4","2","3","1","17.","0","1"
"Filip Kosti?","DF","Serbia","30","1992.0","2.0","0","1","0","18.","0","0"
"Filip Mladenovi?","DF","Serbia","31","1991.0","0.7","0","1","0","10.","0","0"
"Filip ?uri?i?","MF","Serbia","30","1992.0","0.2","0","0","0",,"0","0"
"Firas Al-Buraikan","MF","Saudi Arabia","22","2000.0","3.0","0","2","0","15.","0","0"
"Fod? Ballo-Tour?,DF","Senegal","25","1997","0.1","0.0","0","0",,"0","0",NULL
"Fran Kara?i?","DF","Australia","26","1996.0","1.0","0","3","0","26.","0","0"
"Francisco Calvo","DF","Costa Rica","30","1992.0","2.0","0","1","0","28.","0","0"
"Fred","MF","Brazil","29","1993.0","1.6","0","3","1","18.","0","0"
"Frenkie de Jong","MF","Netherlands","25","1997.0","5.3","1","2","1","14.","0","0"
"F?lix Torres Caicedo","DF","Ecuador","25","1997.0","3.0","0","1","0","8.5","0","0"
"Gabriel Jesus","FW","Brazil","25","1997.0","1.0","0","2","1","8.8","0","0"
"Garang Kuol","FW","Australia","18","2004.0","0.4","0","1","1","9.6","0","0"
"Gareth Bale","FW","Wales","33","1989.0","2.5","1","1","1","46.","0","1"
"Gavi","MF","Spain","18","2004.0","3.2","1","1","1","17.","0","0"
"Ga?l Ondoua","MF","Cameroon","27","1995.0","0.5","0","0","0",,"0","0"
"Georges-K?vin N'Koudou","FW","Cameroon","27","1995.0","0.3","0","1","1","26.","1","0"
"Germ?n Pezzella","DF","Argentina","31","1991.0","0.7","0","1","0","10","0","0"
"Gerson Torres","MF","Costa Rica","25","1997.0","0.7","0","1","0","30.","0","0"
"Ghayl?ne Chaalali","MF","Tunisia","28","1994.0","0.2","0","0","0",,"0","0"
"Gideon Mensah","DF","Ghana","24","1998.0","1.0","0","0","0",,"0","0"
"Gio Reyna","FW","United States","20","2002.0","0.6","0","2","0","20.","0","0"
"Giorgian De Arrascaeta","MF","Uruguay","28","1994.0","1.2","2","3","3","9.6","0","0"
"Gleison Bremer","DF","Brazil","25","1997.0","1.2","0","1","0","5.5","0","0"
"Gonzalo Montiel","DF","Argentina","25","1997.0","1.3","0","1","0","27.","0","0"
"Gonzalo Plata","MF","Ecuador","22","2000.0","3.0","0","2","1","15.","0","0"
"Gon?alo Ramos","FW","Portugal","21","2001.0","1.7","3","7","5","11.","0","0"
"Granit Xhaka","MF","Switzerland","30","1992.0","4.0","0","6","3","21.","0","0"
"Gregor Kobel","GK","Switzerland","25","1997.0","1.0","0","0","0",,"0","0"
"Grzegorz Krychowiak","MF","Poland","32","1990.0","3.7","0","1","0","29.","0","0"
"Guido Rodr?guez","MF","Argentina","28","1994.0","0.6","0","0","0",,"0","0"
"Guillermo Ochoa","GK","Mexico","37","1985.0","3.0","0","0","0",,"0","0"
"Guillermo Varela","DF","Uruguay","29","1993.0","2.0","0","0","0",,"0","0"
"Haji Wright","FW","United States","24","1998.0","1.5","1","6","2","13.","0","0"
"Hakim Ziyech","FW","Morocco","29","1993.0","7.1","1","10","2","27.","1","0"
"Hannibal Mejbri","MF","Tunisia","19","2003.0","0.1","0","0","0",,"0","0"
"Haris Seferovi?","FW","Switzerland","30","1992.0","0.8","0","1","0","12.","0","0"
"Harry Kane","FW","England","29","1993.0","4.5","2","10","5","20.","0","1"
"Harry Maguire","DF","England","29","1993.0","4.8","0","6","1","10","0","0"
"Harry Souttar","DF","Australia","24","1998.0","4.0","0","1","0","8.5","0","0"
"Harry Wilson","MF","Wales","25","1997.0","1.8","0","2","0","20.","1","0"
"Hassan Al Tambakti","DF","Saudi Arabia","23","1999.0","2.0","0","0","0",,"0","0"
"Hassan Al-Haydos","MF","Qatar","32","1990.0","2.3","0","1","1","29.","0","0"
"Hattan Bahebri","MF","Saudi Arabia","30","1992.0","0.0","0","0","0",,"0","0"
"Henry Mart?n,FW","Mexico","30","1992","1.6","1.0","4","2","9.9","0","0",NULL
"Hern?n Gal?ndez","GK","Ecuador","35","1987.0","3.0","0","0","0",,"0","0"
"Hidemasa Morita","MF","Japan","27","1995.0","3.2","0","3","1","22.","0","0"
"Hiroki Ito","DF","Japan","23","1999.0","0.5","0","0","0",,"0","0"
"Hiroki Sakai","MF","Japan","32","1990.0","1.3","0","1","0","5.4","0","0"
"Hirving Lozano","FW","Mexico","27","1995.0","2.8","0","6","3","26","1","0"
"Homam Ahmed","DF","Qatar","23","1999.0","2.9","0","0","0",,"0","0"
"Hong Chul","DF","Korea Republic","32","1990.0","0.5","0","0","0",,"0","0"
"Hossein Hosseini","GK","IR Iran","30","1992.0","1.8","0","0","0",,"0","0"
"Hossein Kanaanizadegan","DF","IR Iran","28","1994.0","0.5","0","0","0",,"0","0"
"Hugo Lloris","GK","France","35","1986.0","6.3","0","0","0",,"0","0"
"Hwang Hee-chan","MF","Korea Republic","26","1996.0","1.3","1","6","5","17.","0","0"
"Hwang In-beom","MF","Korea Republic","26","1996.0","3.7","0","6","1","27.","0","0"
"Hwang Ui-jo","FW","Korea Republic","30","1992.0","1.2","0","1","0","10.","0","0"
"H?ctor Herrera","MF","Mexico","32","1990.0","1.8","0","0","0",,"0","0"
"H?ctor Moreno","DF","Mexico","34","1988.0","3.0","0","1","0","5.8","0","0"
"Ibrahima Konat?,DF","France","23","1999","3.3","0.0","2","1","7.7","0","0",NULL
"Idrissa Gana Gueye","MF","Senegal","33","1989.0","3.0","0","4","1","19.","0","0"
"Ilias Chair","MF","Morocco","25","1997.0","0.5","0","0","0",,"0","0"
"Iliman Ndiaye","FW","Senegal","22","2000.0","1.5","0","2","0","18.","0","0"
"Ismail Jakobs","DF","Senegal","23","1999.0","3.1","0","1","0","31","0","0"
"Ismail Mohamad","FW","Qatar","32","1990.0","1.9","0","2","2",,,"0"
"Ismaila Sarr","FW","Senegal","24","1998.0","3.8","1","10","1","16.","0","1"
"Isma?l Kon?,MF","Canada","20","2002","1.2","0.0","0","0",,"0","0",NULL
"Issam Jebali","FW","Tunisia","30","1991.0","2.0","0","3","1","10.","0","0"
"Ivan Ili?","MF","Serbia","21","2001.0","0.4","0","0","0",,"0","0"
"Ivan Peri?i?","FW","Croatia","33","1989.0","7.4","1","16","4","20","1","0"
"I?aki Williams","FW","Ghana","28","1994.0","3.0","0","2","0","20.","0","0"
"Jack Grealish","FW","England","27","1995.0","1.0","1","1","1","8.8","0","0"
"Jackson Irvine","MF","Australia","29","1993.0","3.9","0","3","0","9.3","0","0"
"Jackson Porozo","DF","Ecuador","22","2000.0","1.1","0","1","0","15","0","0"
"Jakub Kami?ski","MF","Poland","20","2002.0","2.6","0","4","1","10.","0","0"
"Jakub Kiwior","DF","Poland","22","2000.0","3.9","0","1","0","10.","0","0"
"Jamal Musiala","MF","Germany","19","2003.0","2.9","0","12","3","14.","0","0"
"Jamie Maclaren","FW","Australia","29","1993.0","0.6","0","0","0",,"0","0"
"Jan Bednarek","DF","Poland","26","1996.0","0.1","0","0","0",,"0","0"
"Jan Vertonghen","DF","Belgium","35","1987.0","3.0","0","2","0","10.","0","0"
"Jason Cummings","FW","Australia","27","1995.0","0.4","0","0","0",,"0","0"
"Jawad El Yamiq","DF","Morocco","30","1992.0","3.4","0","2","1","12.","0","0"
"Jean-Charles Castelletto","DF","Cameroon","27","1995.0","2.0","1","1","1","1.1","0","0"
"Jeong Woo-yeong","MF","Korea Republic","23","1999.0","0.5","0","1","0","24.","0","0"
"Jeremy Doku","MF","Belgium","20","2002.0","0.2","0","0","0",,"0","0"
"Jeremy Sarmiento","MF","Ecuador","20","2002.0","0.9","0","1","1","14.","0","0"
"Jerome Ngom Mbekeli","MF","Cameroon","24","1998.0","0.1","0","0","0",,"0","0"
"Jesper Lindstr?m","MF","Denmark","22","2000.0","2.2","0","3","1","16.","0","0"
"Jes?s Ferreira","FW","United States","21","2000.0","0.5","0","0","0",,"0","0"
"Jes?s Gallardo","DF","Mexico","28","1994.0","3.0","0","1","0","15.","0","0"
"Jewison Bennette","MF","Costa Rica","18","2004.0","1.1","0","1","0","28.","0","0"
"Jhegson M?ndez","MF","Ecuador","25","1997.0","2.0","0","0","0",,"0","0"
"Joachim Andersen","DF","Denmark","26","1996.0","3.0","0","4","1","18.","0","0"
"Joakim M?hle","DF","Denmark","25","1997.0","2.8","0","2","0","28.","0","0"
"Joe Allen","MF","Wales","32","1990.0","1.0","0","2","0","24.","0","0"
"Joe Morrell","MF","Wales","25","1997.0","0.4","0","0","0",,"0","0"
"Joe Rodon","DF","Wales","25","1997.0","3.0","0","0","0",,"0","0"
"Joel Campbell","FW","Costa Rica","30","1992.0","3.0","0","1","0","21.","0","0"
"Johan Venegas","FW","Costa Rica","34","1988.0","0.8","0","0","0",,"0","0"
"John Stones","DF","England","28","1994.0","4.8","0","4","1","9.6","0","0"
"Jonas Hofmann","FW","Germany","30","1992.0","0.3","0","1","1","11.","0","0"
"Jonathan David","FW","Canada","22","2000.0","2.1","0","8","1","14.","0","0"
"Jonathan Osorio","MF","Canada","30","1992.0","1.3","0","1","0","23.","0","0"
"Jordan Ayew","FW","Ghana","31","1991.0","1.5","0","1","1","21.","0","0"
"Jordan Henderson","MF","England","32","1990.0","3.0","1","2","1","18.","0","0"
"Jordan Morris","FW","United States","28","1994.0","0.0","0","0","0",,"0","0"
"Jordan Pickford","GK","England","28","1994.0","5.0","0","0","0",,"0","0"
"Jordan Veretout","MF","France","29","1993.0","0.7","0","0","0",,"0","0"
"Jordi Alba","DF","Spain","33","1989.0","2.9","0","2","0","26.","0","0"
"Jorge Eduardo S?nchez","DF","Mexico","25","1997.0","1.9","0","1","1","18.","0","0"
"Josh Sargent","FW","United States","22","2000.0","1.7","0","4","1","14","0","0"
"Joshua Kimmich","MF","Germany","27","1995.0","3.0","0","7","4","25.","1","0"
"Josip Juranovi?","DF","Croatia","27","1995.0","6.7","0","1","0","18.","0","0"
"Josip Stani?i?","DF","Croatia","22","2000.0","1.0","0","1","0","28.","0","0"
"Josip ?utalo","DF","Croatia","22","2000.0","1.0","0","0","0",,"0","0"
"Jos? Cifuentes","MF","Ecuador","23","1999.0","0.7","0","1","1","29.","0","0"
"Jos? Mar?a Gim?nez","DF","Uruguay","27","1995.0","3.0","0","3","0","13.","0","0"
"Jo?o Cancelo","DF","Portugal","28","1994.0","3.4","0","2","1","15.","0","0"
"Jo?o F?lix","FW","Portugal","23","1999.0","3.7","1","11","3","18.","0","0"
"Jo?o M?rio","FW","Portugal","29","1993.0","0.9","0","0","0",,"0","0"
"Jo?o Palhinha","MF","Portugal","27","1995.0","0.4","0","1","0","33.","0","0"
"Jo?ko Gvardiol","DF","Croatia","20","2002.0","7.7","1","2","1","16.","0","0"
"Juan Foyth","DF","Argentina","24","1998.0","0.1","0","0","0",,"0","0"
"Juan Pablo Vargas","DF","Costa Rica","27","1995.0","1.0","1","2","2","3.9","0","0"
"Jude Bellingham","MF","England","19","2003.0","4.6","1","5","3","12.","0","0"
"Jules Kound?,DF","France","24","1998","5.3","0.0","4","1","19.","0","0",NULL
"Juli?n ?lvarez","FW","Argentina","22","2000.0","5.2","4","11","8","12.","0","0"
"Jung Woo-young","MF","Korea Republic","33","1989.0","3.4","0","1","0","25.","0","0"
"Junior Hoilett","FW","Canada","32","1990.0","1.8","0","4","0","24.","0","0"
"Junya Ito","MF","Japan","29","1993.0","3.6","0","2","1","11.","0","0"
"Jurri?n Timber","DF","Netherlands","21","2001.0","4.3","0","0","0",,"0","0"
"Kai Havertz","FW","Germany","23","1999.0","1.1","2","5","3","13.","0","0"
"Kalidou Koulibaly","DF","Senegal","31","1991.0","4.0","1","2","1","7.9","0","0"
"Kalvin Phillips","MF","England","27","1995.0","0.5","0","0","0",,"0","0"
"Kamal Miller","DF","Canada","25","1997.0","3.0","0","0","0",,"0","0"
"Kamaldeen Sulemana","FW","Ghana","20","2002.0","0.6","0","1","1","21.","0","0"
"Kamil Glik","DF","Poland","34","1988.0","4.0","0","3","0","11.","0","0"
"Kamil Grosicki","MF","Poland","34","1988.0","0.0","0","0","0",,"0","0"
"Kaoru Mitoma","MF","Japan","25","1997.0","1.8","0","1","1","21.","0","0"
"Karim Ansarifard","FW","IR Iran","32","1990.0","0.4","0","1","0","21.","0","0"
"Karim Boudiaf","MF","Qatar","32","1990.0","2.1","0","0","0",,"0","0"
"Karl Toko Ekambi","FW","Cameroon","30","1992.0","1.8","0","2","1","15.","0","0"
"Karol ?widerski","FW","Poland","25","1997.0","0.5","0","0","0",,"0","0"
"Kasper Dolberg","FW","Denmark","25","1997.0","1.3","0","3","1","8.6","0","0"
"Kasper Schmeichel","GK","Denmark","36","1986.0","3.0","0","0","0",,"0","0"
"Keanu Baccus","MF","Australia","24","1998.0","1.3","0","1","0","23.","0","0"
"Kellyn Acosta","MF","United States","27","1995.0","0.5","0","0","0",,"0","0"
"Kendall Waston","DF","Costa Rica","34","1988.0","2.5","0","1","1","10.","0","0"
"Kenneth Taylor","MF","Netherlands","20","2002.0","0.1","0","0","0",,"0","0"
"Kevin De Bruyne","FW","Belgium","31","1991.0","3.0","0","7","2","23.","1","0"
"Kevin Rodr?guez","FW","Ecuador","22","2000.0","0.0","0","2","1",,,"0"
"Kevin ?lvarez","DF","Mexico","23","1999.0","0.8","0","0","0",,"0","0"
"Keylor Navas","GK","Costa Rica","36","1986.0","3.0","0","0","0",,"0","0"
"Keysher Fuller","DF","Costa Rica","28","1994.0","2.8","1","3","2","15.","0","0"
"Kieffer Moore","FW","Wales","30","1992.0","2.5","0","6","2","16.","0","0"
"Kieran Trippier","DF","England","32","1990.0","2.3","0","1","0","27.","1","0"
"Kim Jin-su","DF","Korea Republic","30","1992.0","3.5","0","4","0","11.","0","0"
"Kim Min-jae","DF","Korea Republic","26","1996.0","3.0","0","2","0","8.2","0","0"
"Kim Moonhwan","DF","Korea Republic","27","1995.0","4.0","0","0","0",,"0","0"
"Kim Seung-gyu","GK","Korea Republic","32","1990.0","4.0","0","0","0",,"0","0"
"Kim Young-gwon","DF","Korea Republic","32","1990.0","3.9","1","2","1","10.","0","0"
"Kingsley Coman","FW","France","26","1996.0","1.9","0","1","0","10.","0","0"
"Ko Itakura","DF","Japan","25","1997.0","3.0","0","3","1","14.","0","0"
"Koke","MF","Spain","30","1992.0","0.6","0","0","0",,"0","0"
"Kristijan Jaki?","FW","Croatia","25","1997.0","0.0","0","0","0",,"0","0"
"Krystian Bielik","MF","Poland","24","1998.0","2.4","0","2","0","15.","0","0"
"Krzysztof Pi?tek","FW","Poland","27","1995.0","0.3","0","1","0","15.","0","0"
"Kr?pin Diatta","FW","Senegal","23","1999.0","2.0","0","3","1","16.","0","0"
"Kudus Mohammed","FW","Ghana","22","2000.0","2.7","2","8","4","21.","0","0"
"Kwon Chang-hoon","FW","Korea Republic","28","1994.0","0.6","0","0","0",,"0","0"
"Kwon Kyung-won","DF","Korea Republic","30","1992.0","1.0","0","1","0","33.","0","0"
"Kye Rowles","DF","Australia","24","1998.0","4.0","0","0","0",,"0","0"
"Kyle Walker","DF","England","32","1990.0","2.6","0","0","0",,"0","0"
"Kylian Mbapp?,FW","France","23","1998","6.6","8.0","29","11","17.","1","2",NULL
"Lautaro Mart?nez","FW","Argentina","25","1997.0","2.7","0","14","4","12.","0","0"
"Lawrence Ati-Zigi","GK","Ghana","26","1996.0","3.0","0","0","0",,"0","0"
"Leander Dendoncker","DF","Belgium","27","1995.0","1.8","0","1","0","9.6","0","0"
"Leandro Paredes","MF","Argentina","28","1994.0","2.5","0","1","1","30.","0","0"
"Leandro Trossard","FW","Belgium","28","1994.0","1.1","0","0","0",,"0","0"
"Lee Jae-sung","MF","Korea Republic","30","1992.0","2.3","0","1","0","26.","0","0"
"Lee Kangin","MF","Korea Republic","21","2001.0","1.6","0","5","1","25.","2","0"
"Leon Goretzka","MF","Germany","27","1995.0","1.8","0","4","1","16.","0","0"
"Leroy San?,FW","Germany","26","1996","1.2","0.0","3","0","25.","0","0",NULL
"Liam Millar","DF","Canada","23","1999.0","0.1","0","0","0",,"0","0"
"Lionel Messi","FW","Argentina","35","1987.0","7.7","7","27","13","21","3","4"
"Lisandro Mart?nez","DF","Argentina","24","1998.0","3.4","0","1","0","10.","0","0"
"Lovro Majer","MF","Croatia","24","1998.0","1.4","1","4","2","23.","0","0"
"Lo?s Openda","FW","Belgium","22","2000.0","0.1","0","0","0",,"0","0"
"Lucas Cavallini","FW","Canada","29","1992.0","0.2","0","0","0",,"0","0"
"Lucas Hern?ndez","DF","France","26","1996.0","0.1","0","0","0",,"0","0"
"Lucas Paquet?,MF","Brazil","25","1997","3.5","1.0","4","4","11.","0","0",NULL
"Luis Ch?vez","MF","Mexico","26","1996.0","3.0","1","10","4","31.","4","0"
"Luis Su?rez","FW","Uruguay","35","1987.0","1.6","0","2","1","7.5","0","0"
"Luka Jovi?","FW","Serbia","24","1997.0","0.4","0","2","0","17.","0","0"
"Luka Modri?","MF","Croatia","37","1985.0","7.3","0","6","4","21.","0","0"
"Lukas Klostermann","DF","Germany","26","1996.0","0.7","0","0","0",,"0","0"
"Luke Shaw","DF","England","27","1995.0","4.7","0","3","1","23.","1","0"
"Luuk de Jong","FW","Netherlands","32","1990.0","0.6","0","1","0","13","0","0"
"Majid Hosseini","DF","IR Iran","26","1996.0","3.0","0","0","0",,"0","0"
"Manuel Akanji","DF","Switzerland","27","1995.0","4.0","1","4","1","12.","1","0"
"Manuel Neuer","GK","Germany","36","1986.0","3.0","0","0","0",,"0","0"
"Marcelo Brozovi?","MF","Croatia","30","1992.0","6.1","0","4","2","17.","0","0"
"Marco Asensio","FW","Spain","26","1996.0","2.5","1","10","2","20.","0","0"
"Marcos Acu?a,DF","Argentina","31","1991","4.1","0.0","2","0","17.","0","0",NULL
"Marcos Llorente","DF","Spain","27","1995.0","1.3","0","1","0","22.","0","0"
"Marcus Rashford","FW","England","25","1997.0","1.6","3","11","6","16.","2","0"
"Marcus Thuram","FW","France","25","1997.0","1.7","0","1","0","5.4","0","0"
"Mario G?tze","MF","Germany","30","1992.0","0.4","0","1","1","14.","0","0"
"Mario Pa?ali?","FW","Croatia","27","1995.0","3.0","0","3","0","7.8","0","0"
"Mark-Anthony Kaye","MF","Canada","28","1994.0","0.7","0","1","0","25.","0","0"
"Marko Gruji?","MF","Serbia","26","1996.0","0.1","0","1","1","29.","0","0"
"Marko Livaja","FW","Croatia","29","1993.0","2.7","1","6","4","15.","0","0"
"Marquinhos","DF","Brazil","28","1994.0","4.7","0","2","0","10.","0","0"
"Marten de Roon","MF","Netherlands","31","1991.0","2.0","0","0","0",,"0","0"
"Martin Braithwaite","FW","Denmark","31","1991.0","1.1","0","1","0","11.","0","0"
"Martin Hongla","MF","Cameroon","24","1998.0","1.3","0","1","1","13","0","0"
"Martinelli","FW","Brazil","21","2001.0","1.3","0","4","3","13.","0","0"
"Mart?n C?ceres","DF","Uruguay","35","1987.0","1.0","0","0","0",,"0","0"
"Mason Mount","MF","England","23","1999.0","2.1","0","4","1","23","0","0"
"Mateo Kova?i?","MF","Croatia","28","1994.0","7.1","0","3","1","17","0","0"
"Matheus Nunes","MF","Portugal","24","1998.0","0.8","0","1","0","30.","0","0"
"Mathew Leckie","MF","Australia","31","1991.0","3.7","1","1","1","13.","0","0"
"Mathew Ryan","GK","Australia","30","1992.0","4.0","0","0","0",,"0","0"
"Mathias Jensen","MF","Denmark","26","1996.0","0.9","0","2","1","17.","0","0"
"Math?as Olivera","DF","Uruguay","25","1997.0","2.8","0","2","0","16.","0","0"
"Matt Turner","GK","United States","28","1994.0","4.0","0","0","0",,"0","0"
"Matthias Ginter","DF","Germany","28","1994.0","0.0","0","0","0",,"0","0"
"Matthijs de Ligt","DF","Netherlands","23","1999.0","1.0","0","0","0",,"0","0"
"Matty Cash","DF","Poland","25","1997.0","4.0","0","1","0","24.","0","0"
"Matt?o Guendouzi","FW","France","23","1999.0","0.9","0","0","0",,"0","0"
"Mat?as Vecino","MF","Uruguay","31","1991.0","2.2","0","1","1","10.","0","0"
"Mat?as Vi?a,DF","Uruguay","25","1997","0.2","0.0","0","0",,"0","0",NULL
"Maxi G?mez","FW","Uruguay","26","1996.0","0.3","0","2","1","26.","0","0"
"Maya Yoshida","DF","Japan","34","1988.0","4.3","0","0","0",,"0","0"
"Mehdi Taremi","FW","IR Iran","30","1992.0","3.0","2","5","1","16","0","1"
"Mehdi Torabi","MF","IR Iran","28","1994.0","0.7","0","2","0","19.","0","0"
"Memphis","FW","Netherlands","28","1994.0","3.3","1","10","5","15","0","0"
"Meshaal Barsham","GK","Qatar","24","1998.0","2.0","0","0","0",,"0","0"
"Michael Estrada","FW","Ecuador","26","1996.0","2.5","0","3","0","13","0","0"
"Micha? Sk?ra?","MF","Poland","22","2000.0","0.5","0","1","0","22.","0","0"
"Michel Aebischer","MF","Switzerland","25","1997.0","0.2","0","0","0",,"0","0"
"Michy Batshuayi","FW","Belgium","29","1993.0","1.7","1","6","2","15.","0","0"
"Miki Yamane","DF","Japan","28","1993.0","0.7","0","0","0",,"0","0"
"Mikkel Damsgaard","MF","Denmark","22","2000.0","1.7","0","0","0",,"0","0"
"Milad Mohammadi","DF","IR Iran","29","1993.0","2.2","0","0","0",,"0","0"
"Milan Borjan","GK","Canada","35","1987.0","3.0","0","0","0",,"0","0"
"Milo? Degenek","DF","Australia","28","1994.0","2.0","0","0","0",,"0","0"
"Milo? Veljkovi?","DF","Serbia","27","1995.0","2.5","0","0","0",,"0","0"
"Mislav Or?i?","FW","Croatia","29","1992.0","1.8","1","9","2","22.","0","0"
"Mitchell Duke","FW","Australia","31","1991.0","3.0","1","7","4","17.","0","0"
"Mohamed Ali Ben Romdhane","MF","Tunisia","23","1999.0","0.8","0","0","0",,"0","0"
"Mohamed Dr?ger","DF","Tunisia","26","1996.0","1.5","0","4","0","25.","0","0"
"Mohamed Kanno","MF","Saudi Arabia","28","1994.0","3.0","0","6","1","20.","1","0"
"Mohammed Al-Breik","DF","Saudi Arabia","30","1992.0","0.7","0","2","1","20.","0","0"
"Mohammed Al-Owais","GK","Saudi Arabia","31","1991.0","3.0","0","0","0",,"0","0"
"Mohammed Muntari","FW","Qatar","28","1993.0","0.7","1","3","1","13.","0","0"
"Mohammed Salisu","DF","Ghana","23","1999.0","3.0","1","2","1","9.3","0","0"
"Mohammed Waad","MF","Qatar","23","1999.0","0.3","0","0","0",,"0","0"
"Mois?s Caicedo","MF","Ecuador","21","2001.0","3.0","1","3","1","16","0","0"
"Montassar Talbi","DF","Tunisia","24","1998.0","3.0","0","1","1","33.","0","0"
"Morteza Pouraliganji","DF","IR Iran","30","1992.0","3.0","0","2","0","16.","0","0"
"Moumi Ngamaleu","FW","Cameroon","28","1994.0","1.1","0","0","0",,"0","0"
"Munir","GK","Morocco","33","1989.0","1.0","0","0","0",,"0","0"
"Musab Kheder","DF","Qatar","29","1993.0","0.1","0","0","0",,"0","0"
"Na Sang-ho","FW","Korea Republic","26","1996.0","1.3","0","1","1","10.","0","0"
"Nader Ghandri","DF","Tunisia","27","1995.0","1.0","0","0","0",,"0","0"
"Nahuel Molina","DF","Argentina","24","1998.0","6.3","1","2","1","16.","0","0"
"Nampalys Mendy","MF","Senegal","30","1992.0","3.0","0","2","0","22.","0","0"
"Nasser Al-Dawsari","FW","Saudi Arabia","23","1998.0","0.1","0","0","0",,"0","0"
"Nathan Ak?,DF","Netherlands","27","1995","5.3","0.0","0","0",,"0","0",NULL
"Nathaniel Atkinson","DF","Australia","23","1999.0","0.9","0","0","0",,"0","0"
"Nawaf Al Abed","MF","Saudi Arabia","32","1990.0","1.0","0","2","0","21.","1","0"
"Nayef Aguerd","DF","Morocco","26","1996.0","3.9","0","1","0","8","0","0"
"Na?m Sliti","MF","Tunisia","30","1992.0","1.3","0","1","0","10.","0","0"
"Neco Williams","DF","Wales","21","2001.0","2.3","0","3","0","26.","0","0"
"Nemanja Gudelj","MF","Serbia","31","1991.0","1.0","0","0","0",,"0","0"
"Nemanja Maksimovi?","MF","Serbia","27","1995.0","1.4","0","0","0",,"0","0"
"Nemanja Radonji?","DF","Serbia","26","1996.0","0.7","0","2","0","22.","0","0"
"Neymar","MF","Brazil","30","1992.0","3.1","2","11","6","19.","3","1"
"Niclas F?llkrug","FW","Germany","29","1993.0","0.8","2","8","3","10","0","0"
"Nico Elvedi","DF","Switzerland","26","1996.0","2.0","0","1","0","9.3","0","0"
"Nico Schlotterbeck","DF","Germany","23","1999.0","1.0","0","0","0",,"0","0"
"Nico Williams","FW","Spain","20","2002.0","1.6","0","1","0","14.","0","0"
"Nicola Zalewski","MF","Poland","20","2002.0","0.7","0","0","0",,"0","0"
"Nicolas Jackson","FW","Senegal","21","2001.0","0.2","0","0","0",,"0","0"
"Nicolas Nkoulou","DF","Cameroon","32","1990.0","2.0","0","3","1","12.","0","0"
"Nicol?s De La Cruz","MF","Uruguay","25","1997.0","0.4","0","1","1","32.","1","0"
"Nicol?s Otamendi","DF","Argentina","34","1988.0","7.7","0","1","0","12.","0","0"
"Nicol?s Tagliafico","DF","Argentina","30","1992.0","4.1","0","3","1","11.","0","0"
"Niklas S?le","DF","Germany","27","1995.0","3.0","0","1","0","5.4","0","0"
"Nikola Milenkovi?","DF","Serbia","25","1997.0","3.0","0","3","0","14.","0","0"
"Nikola Vla?i?","FW","Croatia","25","1997.0","2.3","0","5","1","17.","0","0"
"Noa Lang","MF","Netherlands","23","1999.0","0.1","0","0","0",,"0","0"
"Noah Okafor","FW","Switzerland","22","2000.0","0.5","0","1","0","17.","0","0"
"Nouhou Tolo","DF","Cameroon","25","1997.0","3.0","0","0","0",,"0","0"
"Noussair Mazraoui","DF","Morocco","25","1997.0","4.1","0","4","2","24.","0","0"
"Nuno Mendes","DF","Portugal","20","2002.0","0.5","0","0","0",,"0","0"
"N?stor Araujo","DF","Mexico","31","1991.0","1.0","0","0","0",,"0","0"
"Olivier Giroud","FW","France","36","1986.0","4.7","4","16","6","11","0","0"
"Olivier Ntcham","MF","Cameroon","26","1996.0","0.3","0","1","1","30","0","0"
"Orbel?n Pineda","MF","Mexico","26","1996.0","0.8","0","4","1","15.","0","0"
"Osman Bukari","MF","Ghana","24","1998.0","0.7","1","3","1","17.","0","0"
"Ot?vio","MF","Portugal","27","1995.0","2.2","0","3","2","23.","0","0"
"Ousmane Demb?l?","FW","France","25","1997.0","4.8","0","8","2","20.","0","0"
"Pablo Sarabia","FW","Spain","30","1992.0","0.0","0","1","0","4.7","0","0"
"Paik Seung-ho","MF","Korea Republic","25","1997.0","0.3","1","1","1","30.","0","0"
"Pape Abou Ciss?,DF","Senegal","27","1995","1.2","0.0","0","0",,"0","0",NULL
"Pape Gueye","MF","Senegal","23","1999.0","1.7","0","4","2","24.","0","0"
"Pape Matar Sarr","MF","Senegal","20","2002.0","0.7","0","4","0","30.","1","0"
"Papu G?mez","MF","Argentina","34","1988.0","1.2","0","2","0","26.","0","0"
"Path? Ciss","MF","Senegal","28","1994.0","1.6","0","1","0","12.","0","0"
"Pau Torres","DF","Spain","25","1997.0","1.0","0","0","0",,"0","0"
"Paulo Dybala","FW","Argentina","29","1993.0","0.2","0","0","0",,"0","0"
"Pedri","MF","Spain","20","2002.0","4.0","0","0","0",,"0","0"
"Pedro","FW","Brazil","25","1997.0","0.7","0","4","1","12.","0","0"
"Pepe","DF","Portugal","39","1983.0","4.0","1","3","1","7.3","0","0"
"Pervis Estupi??n,DF","Ecuador","24","1998","3.0","0.0","1","1","14.","0","0",NULL
"Phil Foden","FW","England","22","2000.0","2.9","1","6","1","13.","0","0"
"Piero Hincapi?,DF","Ecuador","20","2002","3.0","0.0","0","0",,"0","0",NULL
"Pierre H?jbjerg","MF","Denmark","27","1995.0","3.0","0","2","1","30.","0","0"
"Pierre Kunde","MF","Cameroon","27","1995.0","1.5","0","5","2","22.","0","0"
"Piotr Zieli?ski","MF","Poland","28","1994.0","3.6","1","3","2","11.","0","0"
"Przemys?aw Frankowski","MF","Poland","27","1995.0","2.7","0","1","0","15.","0","0"
"Rafael Le?o,FW","Portugal","23","1999","1.0","2.0","5","2","21.","0","0",NULL
"Raheem Sterling","FW","England","28","1994.0","1.7","1","1","1","9.3","0","0"
"Ramin Rezaeian","DF","IR Iran","32","1990.0","2.0","1","2","1","18.","0","0"
"Randal Kolo Muani","FW","France","24","1998.0","2.0","1","4","2","13.","0","0"
"Rapha?l Guerreiro","DF","Portugal","28","1993.0","3.1","1","3","1","17.","0","0"
"Rapha?l Varane","DF","France","29","1993.0","5.8","0","3","0","7.2","0","0"
"Raphinha","FW","Brazil","26","1996.0","3.5","0","8","6","19.","1","0"
"Rasmus Nissen","DF","Denmark","25","1997.0","2.5","0","0","0",,"0","0"
"Ra?l Jim?nez","FW","Mexico","31","1991.0","0.7","0","0","0",,"0","0"
"Remo Freuler","MF","Switzerland","30","1992.0","3.6","1","3","1","10.","0","0"
"Renato Steffen","FW","Switzerland","31","1991.0","0.4","0","0","0",,"0","0"
"Ricardo Horta","FW","Portugal","28","1994.0","1.3","1","3","2","13.","0","0"
"Ricardo Rodr?guez","DF","Switzerland","30","1992.0","4.0","0","0","0",,"0","0"
"Richarlison","FW","Brazil","25","1997.0","3.6","3","8","4","12.","0","0"
"Richie Laryea","DF","Canada","27","1995.0","1.8","0","2","0","17.","0","0"
"Riley McGree","FW","Australia","24","1998.0","2.9","0","3","1","26.","0","0"
"Ritsu Doan","FW","Japan","24","1998.0","2.4","2","4","3","20.","0","0"
"Riyadh Sharahili","MF","Saudi Arabia","29","1993.0","0.6","0","0","0",,"0","0"
"Roan Wilson","MF","Costa Rica","20","2002.0","0.0","0","0","0",,"0","0"
"Robert Lewandowski","FW","Poland","34","1988.0","4.0","2","10","2","18.","1","1"
"Robert Skov","DF","Denmark","26","1996.0","0.2","0","0","0",,"0","0"
"Roberto Alvarado","FW","Mexico","24","1998.0","0.2","0","0","0",,"0","0"
"Rodri","DF","Spain","26","1996.0","4.3","0","1","0","36.","0","0"
"Rodrigo Bentancur","MF","Uruguay","25","1997.0","2.4","0","3","1","15.","0","0"
"Rodrigo De Paul","MF","Argentina","28","1994.0","6.7","0","7","3","20.","0","0"
"Rodrygo","MF","Brazil","21","2001.0","2.0","0","6","2","18.","1","0"
"Rogelio Funes Mori","FW","Mexico","31","1991.0","0.1","0","1","0","22.","0","0"
"Romain Sa?ss","DF","Morocco","32","1990.0","5.2","1","1","1","0.9","0","0"
"Romario Ibarra","MF","Ecuador","28","1994.0","0.8","0","2","1","23.","0","0"
"Romelu Lukaku","FW","Belgium","29","1993.0","0.6","0","5","2","6.6","0","0"
"Roozbeh Cheshmi","DF","IR Iran","29","1993.0","0.6","1","1","1","28.","0","0"
"Ruben Vargas","FW","Switzerland","24","1998.0","3.2","0","3","1","17","0","0"
"Rubin Colwill","MF","Wales","20","2002.0","0.1","0","1","0","25.","0","0"
"R?-R?","DF","Qatar","32","1990.0","2.9","0","2","0","23","0","0"
"R?nald Matarrita","DF","Costa Rica","28","1994.0","0.3","0","0","0",,"0","0"
"R?ben Dias","DF","Portugal","25","1997.0","4.0","0","1","0","12","0","0"
"R?ben Neves","MF","Portugal","25","1997.0","3.0","0","2","0","27","0","0"
"Saad Al Sheeb","GK","Qatar","32","1990.0","1.0","0","0","0",,"0","0"
"Sadegh Moharrami","DF","IR Iran","26","1996.0","1.0","0","0","0",,"0","0"
"Saeid Ezatolahi","MF","IR Iran","26","1996.0","2.4","0","3","1","29.","0","0"
"Saleh Al-Shehri","FW","Saudi Arabia","29","1993.0","2.5","1","2","2","21","0","0"
"Salem Al-Dawsari","MF","Saudi Arabia","31","1991.0","3.0","2","6","4","21.","0","0"
"Salis Abdul Samed","MF","Ghana","22","2000.0","2.8","0","1","0","26.","0","0"
"Salman Al-Faraj","MF","Saudi Arabia","33","1989.0","0.5","0","0","0",,"0","0"
"Sam Adekugbe","DF","Canada","27","1995.0","1.1","0","0","0",,"0","0"
"Saman Ghoddos","MF","IR Iran","29","1993.0","0.5","0","1","0","6.4","0","0"
"Sami Al-Najei","MF","Saudi Arabia","25","1997.0","0.5","0","0","0",,"0","0"
"Samuel Oum Gouet","MF","Cameroon","25","1997.0","1.1","0","0","0",,"0","0"
"Sardar Azmoun","FW","IR Iran","27","1995.0","1.4","0","5","3","13.","0","0"
"Saud Abdulhamid","DF","Saudi Arabia","23","1999.0","3.0","0","1","0","34.","0","0"
"Sa?a Luki?","MF","Serbia","26","1996.0","2.7","0","1","0","16.","0","0"
"Sebastian Szyma?ski","MF","Poland","23","1999.0","1.5","0","0","0",,"0","0"
"Sebasti?n Coates","DF","Uruguay","32","1990.0","2.0","0","1","0","11.","0","0"
"Selim Amallah","MF","Morocco","26","1996.0","4.5","0","2","0","13.","0","0"
"Serge Gnabry","FW","Germany","27","1995.0","2.9","1","12","4","15.","0","0"
"Sergej Milinkovi?-Savi?","MF","Serbia","27","1995.0","2.6","1","3","1","23.","0","0"
"Sergio Busquets","MF","Spain","34","1988.0","4.0","0","2","0","20.","0","0"
"Sergio Rochet","GK","Uruguay","29","1993.0","3.0","0","0","0",,"0","0"
"Sergi?o Dest","DF","United States","22","2000.0","3.4","0","6","0","19.","0","0"
"Shaquell Moore","DF","United States","26","1996.0","0.2","0","0","0",,"0","0"
"Shogo Taniguchi","DF","Japan","31","1991.0","2.3","0","2","0","8","0","0"
"Sh?ichi Gonda","GK","Japan","33","1989.0","4.3","0","0","0",,"0","0"
"Silvan Widmer","DF","Switzerland","29","1993.0","2.9","0","1","0","9.7","0","0"
"Simon Kj?r,DF","Denmark","33","1989","0.7","0.0","0","0",,"0","0",NULL
"Sofiane Boufal","FW","Morocco","29","1993.0","5.3","0","7","1","21","0","0"
"Sofyan Amrabat","MF","Morocco","26","1996.0","7.3","0","1","0","28.","0","0"
"Son Heung-min","FW","Korea Republic","30","1992.0","4.0","0","9","3","18.","0","0"
"Son Jun-ho","MF","Korea Republic","30","1992.0","0.8","0","0","0",,"0","0"
"Sorba Thomas","MF","Wales","23","1999.0","0.0","0","0","0",,"0","0"
"Sr?an Babi?","DF","Serbia","26","1996.0","0.1","0","0","0",,"0","0"
"Stefan Mitrovi?","DF","Serbia","32","1990.0","0.4","0","0","0",,"0","0"
"Stephen Eust?quio","MF","Canada","25","1996.0","1.4","0","3","0","19.","0","0"
"Steve Mandanda","GK","France","37","1985.0","1.0","0","0","0",,"0","0"
"Steven Berghuis","MF","Netherlands","30","1991.0","2.2","0","5","0","22.","1","0"
"Steven Bergwijn","FW","Netherlands","25","1997.0","2.4","0","2","0","15.","0","0"
"Steven Vit?ria","DF","Canada","35","1987.0","3.0","0","0","0",,"0","0"
"Strahinja Pavlovi?","DF","Serbia","21","2001.0","2.6","1","2","1","10","0","0"
"Sultan Al-Ghanam","DF","Saudi Arabia","28","1994.0","1.4","0","2","0","7.6","0","0"
"Taha Yassine Khenissi","FW","Tunisia","30","1992.0","0.3","0","1","0","23.","0","0"
"Tajon Buchanan","MF","Canada","23","1999.0","2.9","0","5","0","15","0","0"
"Takefusa Kubo","FW","Japan","21","2001.0","1.0","0","0","0",,"0","0"
"Takehiro Tomiyasu","DF","Japan","24","1998.0","2.1","0","0","0",,"0","0"
"Takuma Asano","FW","Japan","28","1994.0","1.8","1","8","2","13.","0","0"
"Takumi Minamino","FW","Japan","27","1995.0","0.7","0","2","1","15.","0","0"
"Tarek Salman","DF","Qatar","25","1997.0","0.1","0","0","0",,"0","0"
"Tariq Lamptey","DF","Ghana","22","2000.0","1.1","0","1","0","15.","0","0"
"Teun Koopmeiners","MF","Netherlands","24","1998.0","2.4","0","2","1","27.","0","0"
"Theo Hern?ndez","DF","France","25","1997.0","5.6","1","5","2","16.","0","0"
"Thiago Almada","MF","Argentina","21","2001.0","0.1","0","0","0",,"0","0"
"Thiago Silva","DF","Brazil","38","1984.0","4.3","0","2","0","8","0","0"
"Thibaut Courtois","GK","Belgium","30","1992.0","3.0","0","0","0",,"0","0"
"Thilo Kehrer","DF","Germany","26","1996.0","0.8","0","0","0",,"0","0"
"Thomas Delaney","MF","Denmark","31","1991.0","0.5","0","0","0",,"0","0"
"Thomas Meunier","DF","Belgium","31","1991.0","2.3","0","3","1","19.","0","0"
"Thomas M?ller","FW","Germany","33","1989.0","2.2","0","3","0","11.","0","0"
"Thomas Partey","MF","Ghana","29","1993.0","3.0","0","2","0","16.","0","0"
"Thorgan Hazard","FW","Belgium","29","1993.0","1.2","0","0","0",,"0","0"
"Tim Ream","DF","United States","35","1987.0","4.0","0","1","0","3.7","0","0"
"Timothy Castagne","DF","Belgium","27","1995.0","3.0","0","0","0",,"0","0"
"Timothy Weah","FW","United States","22","2000.0","3.5","1","5","3","17.","0","0"
"Toby Alderweireld","DF","Belgium","33","1989.0","3.0","0","0","0",,"0","0"
"Trent Alexander-Arnold","DF","England","24","1998.0","0.4","0","0","0",,"0","0"
"Tyler Adams","MF","United States","23","1999.0","4.0","0","1","0","30.","0","0"
"Unai Sim?n,GK","Spain","25","1997","4.3","0.0","0","0",,"0","0",NULL
"Uriel Antuna","FW","Mexico","25","1997.0","0.9","0","2","1","16.","0","0"
"Vanja Milinkovi?-Savi?","GK","Serbia","25","1997.0","3.0","0","0","0",,"0","0"
"Victor Nelsson","DF","Denmark","24","1998.0","1.0","0","0","0",,"0","0"
"Vincent Aboubakar","FW","Cameroon","30","1992.0","1.6","2","6","3","17.","0","0"
"Vincent Janssen","FW","Netherlands","28","1994.0","1.0","0","2","0","21","0","0"
"Vinicius J?nior","FW","Brazil","22","2000.0","3.3","1","9","4","15","0","0"
"Virgil van Dijk","DF","Netherlands","31","1991.0","5.3","0","3","0","10.","0","0"
"Vitinha","MF","Portugal","22","2000.0","1.3","0","2","2","28.","0","0"
"Wahbi Khazri","FW","Tunisia","31","1991.0","0.9","1","5","3","19.","0","0"
"Wajdi Kechrida","DF","Tunisia","27","1995.0","1.2","0","0","0",,"0","0"
"Walid Cheddira","FW","Morocco","24","1998.0","0.7","0","2","1","9.8","0","0"
"Walker Zimmerman","DF","United States","29","1993.0","3.1","0","1","0","15","0","0"
"Wataru Endo","MF","Japan","29","1993.0","3.4","0","6","1","25.","0","0"
"Wayne Hennessey","GK","Wales","35","1987.0","1.9","0","0","0",,"0","0"
"Weston McKennie","MF","United States","24","1998.0","3.0","0","5","1","15.","0","0"
"William Carvalho","MF","Portugal","30","1992.0","2.4","0","1","0","15.","0","0"
"William Saliba","DF","France","21","2001.0","0.3","0","0","0",,"0","0"
"Wojciech Szcz?sny","GK","Poland","32","1990.0","4.0","0","0","0",,"0","0"
"Wout Weghorst","FW","Netherlands","30","1992.0","0.7","2","2","2","12","0","0"
"W?verton","GK","Brazil","35","1987.0","0.1","0","0","0",,"0","0"
"Xavi Simons","FW","Netherlands","19","2003.0","0.1","0","0","0",,"0","0"
"Xherdan Shaqiri","FW","Switzerland","31","1991.0","2.5","1","4","2","21.","1","0"
"Yahya Attiat Allah","DF","Morocco","27","1995.0","3.5","0","2","0","13","0","0"
"Yahya Jabrane","MF","Morocco","31","1991.0","0.2","0","0","0",,,"0"
"Yann Sommer","GK","Switzerland","34","1988.0","3.0","0","0","0",,"0","0"
"Yannick Carrasco","FW","Belgium","29","1993.0","1.3","0","4","0","13.","0","0"
"Yasser Al-Shahrani","DF","Saudi Arabia","30","1992.0","1.0","0","0","0",,"0","0"
"Yassine Bounou","GK","Morocco","31","1991.0","6.3","0","0","0",,"0","0"
"Yassine Meriah","DF","Tunisia","29","1993.0","3.0","0","1","0","9.3","0","0"
"Yeltsin Tejeda","MF","Costa Rica","30","1992.0","3.0","1","2","2","15.","0","0"
"Youri Tielemans","MF","Belgium","25","1997.0","1.1","0","0","0",,"0","0"
"Youssef En-Nesyri","FW","Morocco","25","1997.0","6.0","2","9","3","9.1","0","0"
"Youssef Msakni","MF","Tunisia","32","1990.0","1.9","0","9","2","16","0","0"
"Youssouf Fofana","MF","France","23","1999.0","2.5","0","4","0","21.","0","0"
"Youssouf Sabaly","DF","Senegal","29","1993.0","4.0","0","2","1","30.","0","0"
"Youssoufa Moukoko","FW","Germany","18","2004.0","0.0","0","0","0",,"0","0"
"Youstin Salas","DF","Costa Rica","26","1996.0","0.5","0","0","0",,"0","0"
"Yuki Soma","FW","Japan","25","1997.0","0.9","0","3","0","22.","1","0"
"Yunus Musah","MF","United States","20","2002.0","3.8","0","4","1","22.","1","0"
"Yuto Nagatomo","MF","Japan","36","1986.0","2.3","0","0","0",,"0","0"
"Zakaria Aboukhlal","FW","Morocco","22","2000.0","0.9","1","3","2","14.","0","0"
"?lvaro Morata","FW","Spain","30","1992.0","2.1","3","8","5","10.","0","0"
"?lvaro Zamora","MF","Costa Rica","20","2002.0","0.3","0","0","0",,"0","0"
"?ngel Correa","MF","Argentina","27","1995.0","0.1","0","0","0",,"0","0"
"?ngel Di Mar?a,MF","Argentina","34","1988","3.2","1.0","6","3","20.","0","0",NULL
"?ngelo Preciado","DF","Ecuador","24","1998.0","2.9","0","4","0","26.","0","0"
"?der Milit?o,DF","Brazil","24","1998","3.9","0.0","5","1","20.","0","0",NULL
"?scar Duarte","DF","Costa Rica","33","1989.0","3.0","0","0","0",,"0","0"
"?lkay G?ndo?an","MF","Germany","32","1990.0","2.1","1","5","2","25.","0","1"
